Opened,Date,Product,Christmas,Chinese NY,Weeknum
15/02/2022 12:43:32,15/02/2022,SP4,NO,NO,8
09/09/2021 22:32:13,09/09/2021,SP4,NO,NO,37
15/03/2022 18:09:11,15/03/2022,SP4,NO,NO,12
30/12/2021 02:46:58,30/12/2021,SP4,YES,NO,53
24/11/2021 07:11:13,24/11/2021,SP4,NO,NO,48
14/02/2022 20:30:28,14/02/2022,SP4,NO,NO,8
19/01/2022 22:40:30,19/01/2022,SP4,NO,NO,4
17/01/2022 10:15:49,17/01/2022,SP4,NO,NO,4
19/04/2022 11:13:07,19/04/2022,SP4,NO,NO,17
19/11/2021 22:23:41,19/11/2021,SP4,NO,NO,47
30/03/2022 16:37:29,30/03/2022,SP4,NO,NO,14
03/03/2022 20:58:05,03/03/2022,SP4,NO,NO,10
04/04/2022 09:21:02,04/04/2022,SP4,NO,NO,15
01/11/2021 09:48:40,01/11/2021,SP4,NO,NO,45
04/11/2021 08:45:42,04/11/2021,SP4,NO,NO,45
18/11/2021 23:34:15,18/11/2021,SP4,NO,NO,47
11/01/2022 08:41:03,11/01/2022,SP4,NO,NO,3
19/01/2022 12:17:18,19/01/2022,SP4,NO,NO,4
28/01/2022 15:39:08,28/01/2022,SP4,NO,NO,5
09/02/2022 22:36:54,09/02/2022,SP4,NO,NO,7
17/03/2022 17:11:15,17/03/2022,SP4,NO,NO,12
08/04/2022 09:38:45,08/04/2022,SP4,NO,NO,15
10/05/2022 16:05:53,10/05/2022,SP4,NO,NO,20
31/01/2022 13:00:35,31/01/2022,SP4,NO,YES,6
18/11/2021 14:47:09,18/11/2021,SP4,NO,NO,47
23/09/2021 08:21:18,23/09/2021,SP4,NO,NO,39
28/01/2022 20:50:25,28/01/2022,SP4,NO,NO,5
16/03/2022 10:21:38,16/03/2022,SP4,NO,NO,12
03/05/2022 03:57:07,03/05/2022,SP4,NO,NO,19
04/05/2022 04:10:51,04/05/2022,SP4,NO,NO,19
08/12/2021 03:57:10,08/12/2021,SP4,NO,NO,50
09/09/2021 22:24:36,09/09/2021,SP4,NO,NO,37
18/03/2022 14:12:35,18/03/2022,SP4,NO,NO,12
29/03/2022 15:31:33,29/03/2022,SP4,NO,NO,14
01/03/2022 09:53:28,01/03/2022,SP4,NO,NO,10
09/09/2021 22:27:41,09/09/2021,SP4,NO,NO,37
22/02/2022 08:05:36,22/02/2022,SP4,NO,NO,9
09/09/2021 22:30:16,09/09/2021,SP4,NO,NO,37
19/04/2022 08:52:18,19/04/2022,SP4,NO,NO,17
10/02/2022 11:07:39,10/02/2022,SP4,NO,NO,7
30/11/2021 03:39:52,30/11/2021,SP4,NO,NO,49
01/10/2021 06:44:58,01/10/2021,SP4,NO,NO,40
03/02/2022 11:44:49,03/02/2022,SP4,NO,YES,6
03/12/2021 06:32:11,03/12/2021,SP4,NO,NO,49
15/03/2022 12:01:35,15/03/2022,SP4,NO,NO,12
25/11/2021 15:17:52,25/11/2021,SP4,NO,NO,48
05/01/2022 05:50:26,05/01/2022,SP4,YES,NO,2
04/01/2022 16:50:56,04/01/2022,SP4,YES,NO,2
14/03/2022 13:31:17,14/03/2022,SP4,NO,NO,12
16/05/2022 11:40:12,16/05/2022,SP4,NO,NO,21
04/01/2022 07:30:39,04/01/2022,SP4,YES,NO,2
11/01/2022 10:50:25,11/01/2022,SP4,NO,NO,3
17/02/2022 14:04:04,17/02/2022,SP4,NO,NO,8
25/02/2022 03:50:26,25/02/2022,SP4,NO,NO,9
13/05/2022 15:51:29,13/05/2022,SP4,NO,NO,20
28/05/2022 03:37:39,28/05/2022,SP4,NO,NO,22
08/06/2022 05:06:48,08/06/2022,SP4,NO,NO,24
08/12/2021 14:48:10,08/12/2021,SP4,NO,NO,50
28/03/2022 18:51:32,28/03/2022,SP4,NO,NO,14
10/12/2021 19:30:59,10/12/2021,SP4,NO,NO,50
12/11/2021 18:40:28,12/11/2021,SP4,NO,NO,46
07/06/2022 19:45:12,07/06/2022,SP4,NO,NO,24
12/04/2022 08:33:53,12/04/2022,SP4,NO,NO,16
24/02/2022 14:00:26,24/02/2022,SP4,NO,NO,9
13/06/2022 09:56:31,13/06/2022,SP4,NO,NO,25
28/08/2021 02:58:10,28/08/2021,SP4,NO,NO,35
09/11/2021 09:40:46,09/11/2021,SP4,NO,NO,46
23/11/2021 02:54:36,23/11/2021,SP4,NO,NO,48
16/12/2021 14:52:14,16/12/2021,SP4,NO,NO,51
17/01/2022 06:20:35,17/01/2022,SP4,NO,NO,4
17/02/2022 14:27:17,17/02/2022,SP4,NO,NO,8
24/02/2022 09:21:14,24/02/2022,SP4,NO,NO,9
24/02/2022 13:56:19,24/02/2022,SP4,NO,NO,9
22/03/2022 11:58:42,22/03/2022,SP4,NO,NO,13
23/03/2022 00:18:33,23/03/2022,SP4,NO,NO,13
29/03/2022 07:50:08,29/03/2022,SP4,NO,NO,14
20/04/2022 07:49:17,20/04/2022,SP4,NO,NO,17
25/04/2022 16:07:42,25/04/2022,SP4,NO,NO,18
05/05/2022 17:13:14,05/05/2022,SP4,NO,NO,19
23/05/2022 14:28:35,23/05/2022,SP4,NO,NO,22
24/05/2022 07:37:48,24/05/2022,SP4,NO,NO,22
31/05/2022 07:55:58,31/05/2022,SP4,NO,NO,23
20/01/2022 11:31:42,20/01/2022,SP4,NO,NO,4
25/05/2022 16:31:30,25/05/2022,SP4,NO,NO,22
10/05/2022 15:42:09,10/05/2022,SP4,NO,NO,20
22/02/2022 16:49:23,22/02/2022,SP4,NO,NO,9
09/03/2022 15:39:45,09/03/2022,SP4,NO,NO,11
06/01/2022 06:56:55,06/01/2022,SP4,NO,NO,2
15/06/2022 12:05:31,15/06/2022,SP4,NO,NO,25
29/11/2021 11:39:09,29/11/2021,SP4,NO,NO,49
30/11/2021 02:31:38,30/11/2021,SP4,NO,NO,49
14/02/2022 17:07:04,14/02/2022,SP4,NO,NO,8
30/03/2022 13:03:26,30/03/2022,SP4,NO,NO,14
01/12/2021 08:31:49,01/12/2021,SP4,NO,NO,49
03/12/2021 09:41:04,03/12/2021,SP4,NO,NO,49
09/12/2021 15:41:52,09/12/2021,SP4,NO,NO,50
08/02/2022 10:53:04,08/02/2022,SP4,NO,NO,7
17/03/2022 06:08:55,17/03/2022,SP4,NO,NO,12
27/05/2022 15:41:04,27/05/2022,SP4,NO,NO,22
07/06/2022 15:50:15,07/06/2022,SP4,NO,NO,24
20/01/2022 16:33:08,20/01/2022,SP4,NO,NO,4
12/11/2021 15:43:27,12/11/2021,SP4,NO,NO,46
30/11/2021 12:33:06,30/11/2021,SP4,NO,NO,49
02/05/2022 14:49:50,02/05/2022,SP4,NO,NO,19
08/06/2022 09:03:59,08/06/2022,SP4,NO,NO,24
12/04/2022 16:07:01,12/04/2022,SP4,NO,NO,16
04/01/2022 20:17:00,04/01/2022,SP4,YES,NO,2
11/01/2022 16:10:18,11/01/2022,SP4,NO,NO,3
06/12/2021 22:20:44,06/12/2021,SP4,NO,NO,50
12/01/2022 03:00:27,12/01/2022,SP4,NO,NO,3
12/01/2022 11:09:46,12/01/2022,SP4,NO,NO,3
03/12/2021 15:08:06,03/12/2021,SP4,NO,NO,49
16/12/2021 08:06:24,16/12/2021,SP4,NO,NO,51
12/04/2022 18:03:23,12/04/2022,SP4,NO,NO,16
24/06/2021 08:55:32,24/06/2021,SP4,NO,NO,26
05/10/2021 18:56:37,05/10/2021,SP4,NO,NO,41
23/12/2021 02:50:37,23/12/2021,SP4,NO,NO,52
21/01/2022 22:15:27,21/01/2022,SP4,NO,NO,4
11/02/2022 10:01:18,11/02/2022,SP4,NO,NO,7
21/03/2022 17:13:42,21/03/2022,SP4,NO,NO,13
30/05/2022 17:40:13,30/05/2022,SP4,NO,NO,23
30/05/2022 17:46:24,30/05/2022,SP4,NO,NO,23
10/03/2022 11:43:01,10/03/2022,SP4,NO,NO,11
01/12/2021 14:43:30,01/12/2021,SP4,NO,NO,49
01/04/2022 12:45:34,01/04/2022,SP4,NO,NO,14
27/09/2021 09:05:37,27/09/2021,SP4,NO,NO,40
18/01/2022 14:08:24,18/01/2022,SP4,NO,NO,4
17/01/2022 05:52:22,17/01/2022,SP4,NO,NO,4
27/01/2022 10:50:49,27/01/2022,SP4,NO,NO,5
08/02/2022 10:43:25,08/02/2022,SP4,NO,NO,7
14/02/2022 14:15:26,14/02/2022,SP4,NO,NO,8
04/08/2021 13:48:27,04/08/2021,SP4,NO,NO,32
04/08/2021 17:05:14,04/08/2021,SP4,NO,NO,32
15/02/2022 09:32:10,15/02/2022,SP4,NO,NO,8
16/12/2021 14:59:55,16/12/2021,SP4,NO,NO,51
09/03/2022 02:40:34,09/03/2022,SP4,NO,NO,11
05/08/2021 17:16:15,05/08/2021,SP4,NO,NO,32
01/09/2021 14:20:15,01/09/2021,SP4,NO,NO,36
06/10/2021 12:08:12,06/10/2021,SP4,NO,NO,41
18/10/2021 07:16:10,18/10/2021,SP4,NO,NO,43
22/10/2021 10:32:39,22/10/2021,SP4,NO,NO,43
03/11/2021 12:44:38,03/11/2021,SP4,NO,NO,45
15/11/2021 12:59:39,15/11/2021,SP4,NO,NO,47
24/11/2021 09:27:46,24/11/2021,SP4,NO,NO,48
02/12/2021 23:50:32,02/12/2021,SP4,NO,NO,49
07/12/2021 10:50:36,07/12/2021,SP4,NO,NO,50
13/12/2021 13:41:02,13/12/2021,SP4,NO,NO,51
19/01/2022 07:30:27,19/01/2022,SP4,NO,NO,4
25/01/2022 21:14:18,25/01/2022,SP4,NO,NO,5
08/02/2022 08:10:30,08/02/2022,SP4,NO,NO,7
15/02/2022 19:10:40,15/02/2022,SP4,NO,NO,8
15/02/2022 20:10:42,15/02/2022,SP4,NO,NO,8
08/03/2022 01:17:22,08/03/2022,SP4,NO,NO,11
08/03/2022 01:20:17,08/03/2022,SP4,NO,NO,11
21/03/2022 17:27:28,21/03/2022,SP4,NO,NO,13
21/03/2022 17:41:25,21/03/2022,SP4,NO,NO,13
31/03/2022 07:52:41,31/03/2022,SP4,NO,NO,14
27/04/2022 20:00:45,27/04/2022,SP4,NO,NO,18
17/05/2022 21:06:14,17/05/2022,SP4,NO,NO,21
15/06/2022 14:12:38,15/06/2022,SP4,NO,NO,25
01/04/2022 06:31:46,01/04/2022,SP4,NO,NO,14
02/03/2022 04:07:09,02/03/2022,SP4,NO,NO,10
04/03/2022 09:58:50,04/03/2022,SP4,NO,NO,10
25/04/2022 07:32:40,25/04/2022,SP4,NO,NO,18
25/04/2022 08:12:50,25/04/2022,SP4,NO,NO,18
25/04/2022 08:25:18,25/04/2022,SP4,NO,NO,18
31/01/2022 12:08:50,31/01/2022,SP4,NO,YES,6
31/01/2022 12:08:55,31/01/2022,SP4,NO,YES,6
13/10/2021 13:26:28,13/10/2021,SP4,NO,NO,42
22/02/2022 10:17:11,22/02/2022,SP4,NO,NO,9
21/09/2021 10:59:57,21/09/2021,SP4,NO,NO,39
25/04/2022 12:50:37,25/04/2022,SP4,NO,NO,18
28/10/2021 13:30:32,28/10/2021,SP4,NO,NO,44
24/03/2022 23:23:04,24/03/2022,SP4,NO,NO,13
08/02/2022 04:30:43,08/02/2022,SP4,NO,NO,7
08/02/2022 10:30:43,08/02/2022,SP4,NO,NO,7
16/02/2022 13:30:35,16/02/2022,SP4,NO,NO,8
24/02/2022 05:40:34,24/02/2022,SP4,NO,NO,9
26/02/2022 05:20:31,26/02/2022,SP4,NO,NO,9
18/03/2022 18:51:25,18/03/2022,SP4,NO,NO,12
01/02/2022 19:00:34,01/02/2022,SP4,NO,YES,6
10/02/2022 00:00:32,10/02/2022,SP4,NO,NO,7
18/10/2021 09:22:22,18/10/2021,SP4,NO,NO,43
16/03/2022 11:01:09,16/03/2022,SP4,NO,NO,12
03/06/2022 13:42:21,03/06/2022,SP4,NO,NO,23
03/06/2022 13:52:10,03/06/2022,SP4,NO,NO,23
08/06/2022 06:41:35,08/06/2022,SP4,NO,NO,24
06/01/2022 01:05:10,06/01/2022,SP4,NO,NO,2
24/08/2021 14:00:14,24/08/2021,SP4,NO,NO,35
09/09/2021 09:59:42,09/09/2021,SP4,NO,NO,37
17/11/2021 16:07:41,17/11/2021,SP4,NO,NO,47
13/06/2022 15:26:44,13/06/2022,SP4,NO,NO,25
09/12/2021 20:17:55,09/12/2021,SP4,NO,NO,50
27/01/2022 10:31:48,27/01/2022,SP4,NO,NO,5
01/03/2022 10:03:19,01/03/2022,SP4,NO,NO,10
15/06/2022 14:05:59,15/06/2022,SP4,NO,NO,25
18/03/2022 20:53:12,18/03/2022,SP4,NO,NO,12
07/12/2021 16:17:50,07/12/2021,SP4,NO,NO,50
04/11/2021 07:57:26,04/11/2021,SP4,NO,NO,45
11/03/2022 12:09:29,11/03/2022,SP4,NO,NO,11
30/11/2021 02:35:39,30/11/2021,SP4,NO,NO,49
22/09/2021 09:04:57,22/09/2021,SP4,NO,NO,39
30/11/2021 07:24:24,30/11/2021,SP4,NO,NO,49
08/12/2021 09:00:06,08/12/2021,SP4,NO,NO,50
11/10/2021 11:10:28,11/10/2021,SP4,NO,NO,42
11/04/2022 12:27:38,11/04/2022,SP4,NO,NO,16
18/10/2021 09:31:39,18/10/2021,SP4,NO,NO,43
23/11/2021 19:07:18,23/11/2021,SP4,NO,NO,48
30/11/2021 13:41:42,30/11/2021,SP4,NO,NO,49
20/01/2022 13:41:00,20/01/2022,SP4,NO,NO,4
25/01/2022 06:31:03,25/01/2022,SP4,NO,NO,5
01/02/2022 09:30:53,01/02/2022,SP4,NO,YES,6
07/02/2022 16:21:26,07/02/2022,SP4,NO,NO,7
14/02/2022 20:50:41,14/02/2022,SP4,NO,NO,8
04/01/2022 10:07:58,04/01/2022,SP4,YES,NO,2
14/09/2021 19:23:21,14/09/2021,SP4,NO,NO,38
19/01/2022 12:24:27,19/01/2022,SP4,NO,NO,4
30/11/2021 05:58:25,30/11/2021,SP4,NO,NO,49
30/11/2021 06:17:44,30/11/2021,SP4,NO,NO,49
29/10/2021 13:05:33,29/10/2021,SP4,NO,NO,44
19/11/2021 14:43:46,19/11/2021,SP4,NO,NO,47
07/01/2022 11:32:08,07/01/2022,SP4,NO,NO,2
17/01/2022 16:19:29,17/01/2022,SP4,NO,NO,4
03/05/2022 22:37:33,03/05/2022,SP4,NO,NO,19
19/01/2022 09:31:24,19/01/2022,SP4,NO,NO,4
01/11/2021 13:06:40,01/11/2021,SP4,NO,NO,45
09/05/2022 15:44:44,09/05/2022,SP4,NO,NO,20
01/03/2022 12:57:21,01/03/2022,SP4,NO,NO,10
11/04/2022 12:39:45,11/04/2022,SP4,NO,NO,16
30/11/2021 05:50:05,30/11/2021,SP4,NO,NO,49
18/11/2021 10:59:38,18/11/2021,SP4,NO,NO,47
10/02/2022 21:00:55,10/02/2022,SP4,NO,NO,7
02/03/2022 09:47:01,02/03/2022,SP4,NO,NO,10
19/01/2022 18:02:34,19/01/2022,SP4,NO,NO,4
24/02/2022 09:28:56,24/02/2022,SP4,NO,NO,9
21/02/2022 13:40:35,21/02/2022,SP4,NO,NO,9
31/01/2022 15:27:09,31/01/2022,SP4,NO,YES,6
22/09/2021 12:38:32,22/09/2021,SP4,NO,NO,39
31/01/2022 16:20:21,31/01/2022,SP4,NO,YES,6
18/08/2021 14:12:14,18/08/2021,SP4,NO,NO,34
16/09/2021 12:35:06,16/09/2021,SP4,NO,NO,38
16/09/2021 14:28:06,16/09/2021,SP4,NO,NO,38
14/10/2021 09:31:28,14/10/2021,SP4,NO,NO,42
19/11/2021 14:34:10,19/11/2021,SP4,NO,NO,47
03/01/2022 18:08:33,03/01/2022,SP4,YES,NO,2
29/03/2022 16:54:13,29/03/2022,SP4,NO,NO,14
30/03/2022 06:41:02,30/03/2022,SP4,NO,NO,14
22/09/2021 02:25:45,22/09/2021,SP4,NO,NO,39
15/02/2022 04:15:42,15/02/2022,SP4,NO,NO,8
30/11/2021 05:45:27,30/11/2021,SP4,NO,NO,49
30/11/2021 06:09:55,30/11/2021,SP4,NO,NO,49
25/01/2022 16:31:56,25/01/2022,SP4,NO,NO,5
02/12/2021 11:36:03,02/12/2021,SP4,NO,NO,49
02/12/2021 14:38:31,02/12/2021,SP4,NO,NO,49
05/01/2022 14:59:27,05/01/2022,SP4,YES,NO,2
04/08/2021 13:54:11,04/08/2021,SP4,NO,NO,32
20/08/2021 18:17:44,20/08/2021,SP4,NO,NO,34
21/08/2021 13:21:32,21/08/2021,SP4,NO,NO,34
22/08/2021 01:29:22,22/08/2021,SP4,NO,NO,35
22/08/2021 01:33:24,22/08/2021,SP4,NO,NO,35
22/08/2021 02:10:37,22/08/2021,SP4,NO,NO,35
22/08/2021 02:18:58,22/08/2021,SP4,NO,NO,35
22/08/2021 02:26:43,22/08/2021,SP4,NO,NO,35
10/11/2021 12:51:14,10/11/2021,SP4,NO,NO,46
15/11/2021 19:54:30,15/11/2021,SP4,NO,NO,47
04/08/2021 14:05:20,04/08/2021,SP4,NO,NO,32
11/10/2021 10:02:00,11/10/2021,SP4,NO,NO,42
01/12/2021 21:16:06,01/12/2021,SP4,NO,NO,49
02/02/2022 07:00:46,02/02/2022,SP4,NO,YES,6
21/02/2022 17:50:58,21/02/2022,SP4,NO,NO,9
14/03/2022 08:53:09,14/03/2022,SP4,NO,NO,12
12/04/2022 12:37:21,12/04/2022,SP4,NO,NO,16
20/05/2022 16:29:01,20/05/2022,SP4,NO,NO,21
10/06/2022 12:59:33,10/06/2022,SP4,NO,NO,24
02/09/2021 22:00:50,02/09/2021,SP4,NO,NO,36
15/11/2021 17:04:46,15/11/2021,SP4,NO,NO,47
31/08/2021 11:45:12,31/08/2021,SP4,NO,NO,36
06/12/2021 11:22:00,06/12/2021,SP4,NO,NO,50
06/12/2021 11:35:29,06/12/2021,SP4,NO,NO,50
04/10/2021 12:50:19,04/10/2021,SP4,NO,NO,41
07/12/2021 13:00:42,07/12/2021,SP4,NO,NO,50
25/01/2022 13:10:25,25/01/2022,SP4,NO,NO,5
28/11/2021 05:18:56,28/11/2021,SP4,NO,NO,49
17/01/2022 12:20:39,17/01/2022,SP4,NO,NO,4
28/01/2022 17:03:32,28/01/2022,SP4,NO,NO,5
23/11/2021 11:28:41,23/11/2021,SP4,NO,NO,48
19/04/2022 08:15:27,19/04/2022,SP4,NO,NO,17
13/07/2021 04:23:45,13/07/2021,SP4,NO,NO,29
13/01/2022 10:30:03,13/01/2022,SP4,NO,NO,3
19/05/2022 20:58:28,19/05/2022,SP4,NO,NO,21
22/08/2021 02:31:52,22/08/2021,SP4,NO,NO,35
13/06/2022 03:53:40,13/06/2022,SP4,NO,NO,25
02/12/2021 13:55:46,02/12/2021,SP4,NO,NO,49
07/12/2021 03:50:51,07/12/2021,SP4,NO,NO,50
10/05/2022 08:54:41,10/05/2022,SP4,NO,NO,20
07/01/2022 15:10:29,07/01/2022,SP4,NO,NO,2
10/12/2021 12:20:46,10/12/2021,SP4,NO,NO,50
01/12/2021 12:50:27,01/12/2021,SP4,NO,NO,49
28/01/2022 14:11:04,28/01/2022,SP4,NO,NO,5
18/03/2022 14:21:29,18/03/2022,SP4,NO,NO,12
17/05/2022 09:48:23,17/05/2022,SP4,NO,NO,21
31/08/2021 10:45:44,31/08/2021,SP4,NO,NO,36
18/08/2021 06:00:57,18/08/2021,SP4,NO,NO,34
13/01/2022 16:36:43,13/01/2022,SP4,NO,NO,3
01/04/2022 10:02:19,01/04/2022,SP4,NO,NO,14
01/02/2022 16:36:18,01/02/2022,SP4,NO,YES,6
23/11/2021 08:13:48,23/11/2021,SP4,NO,NO,48
07/09/2021 21:58:13,07/09/2021,SP4,NO,NO,37
23/11/2021 13:54:40,23/11/2021,SP4,NO,NO,48
24/01/2022 13:04:23,24/01/2022,SP4,NO,NO,5
05/05/2022 17:49:06,05/05/2022,SP4,NO,NO,19
01/09/2021 10:07:32,01/09/2021,SP4,NO,NO,36
02/09/2021 14:30:48,02/09/2021,SP4,NO,NO,36
03/09/2021 20:40:03,03/09/2021,SP4,NO,NO,36
06/09/2021 08:17:21,06/09/2021,SP4,NO,NO,37
06/09/2021 08:20:47,06/09/2021,SP4,NO,NO,37
06/09/2021 18:53:23,06/09/2021,SP4,NO,NO,37
08/09/2021 03:27:45,08/09/2021,SP4,NO,NO,37
10/09/2021 02:16:16,10/09/2021,SP4,NO,NO,37
31/08/2021 10:16:48,31/08/2021,SP4,NO,NO,36
13/09/2021 16:25:34,13/09/2021,SP4,NO,NO,38
13/09/2021 16:26:10,13/09/2021,SP4,NO,NO,38
13/09/2021 16:26:38,13/09/2021,SP4,NO,NO,38
20/12/2021 14:11:13,20/12/2021,SP4,NO,NO,52
20/12/2021 14:11:18,20/12/2021,SP4,NO,NO,52
03/03/2022 17:56:13,03/03/2022,SP4,NO,NO,10
08/03/2022 12:51:22,08/03/2022,SP4,NO,NO,11
08/03/2022 13:21:43,08/03/2022,SP4,NO,NO,11
08/03/2022 13:46:22,08/03/2022,SP4,NO,NO,11
04/10/2021 07:18:55,04/10/2021,SP4,NO,NO,41
04/10/2021 07:22:55,04/10/2021,SP4,NO,NO,41
04/10/2021 07:30:37,04/10/2021,SP4,NO,NO,41
04/10/2021 07:38:17,04/10/2021,SP4,NO,NO,41
04/10/2021 07:43:58,04/10/2021,SP4,NO,NO,41
04/10/2021 07:47:38,04/10/2021,SP4,NO,NO,41
04/10/2021 07:54:49,04/10/2021,SP4,NO,NO,41
04/10/2021 08:20:10,04/10/2021,SP4,NO,NO,41
04/10/2021 08:39:22,04/10/2021,SP4,NO,NO,41
17/01/2022 12:24:06,17/01/2022,SP4,NO,NO,4
17/01/2022 12:29:26,17/01/2022,SP4,NO,NO,4
17/01/2022 12:32:45,17/01/2022,SP4,NO,NO,4
17/01/2022 12:35:26,17/01/2022,SP4,NO,NO,4
17/01/2022 12:37:56,17/01/2022,SP4,NO,NO,4
14/02/2022 14:06:41,14/02/2022,SP4,NO,NO,8
08/06/2022 10:23:19,08/06/2022,SP4,NO,NO,24
23/06/2022 13:50:06,23/06/2022,SP4,NO,NO,26
27/06/2022 05:00:50,27/06/2022,SP4,NO,NO,27
23/06/2022 12:58:06,23/06/2022,SP4,NO,NO,26
16/12/2021 05:31:27,16/12/2021,SP4,NO,NO,51
29/10/2021 08:04:44,29/10/2021,SP4,NO,NO,44
01/11/2021 22:55:50,01/11/2021,SP4,NO,NO,45
13/01/2022 13:22:55,13/01/2022,SP4,NO,NO,3
13/01/2022 13:33:09,13/01/2022,SP4,NO,NO,3
13/01/2022 13:37:27,13/01/2022,SP4,NO,NO,3
13/01/2022 13:41:49,13/01/2022,SP4,NO,NO,3
13/01/2022 14:00:20,13/01/2022,SP4,NO,NO,3
13/01/2022 14:39:04,13/01/2022,SP4,NO,NO,3
13/01/2022 15:37:35,13/01/2022,SP4,NO,NO,3
27/10/2021 12:16:38,27/10/2021,SP4,NO,NO,44
01/04/2022 10:52:04,01/04/2022,SP4,NO,NO,14
01/04/2022 10:56:01,01/04/2022,SP4,NO,NO,14
01/04/2022 10:57:21,01/04/2022,SP4,NO,NO,14
01/04/2022 10:58:28,01/04/2022,SP4,NO,NO,14
01/04/2022 10:59:11,01/04/2022,SP4,NO,NO,14
01/04/2022 11:07:39,01/04/2022,SP4,NO,NO,14
04/04/2022 13:38:52,04/04/2022,SP4,NO,NO,15
04/04/2022 13:41:54,04/04/2022,SP4,NO,NO,15
04/04/2022 13:44:57,04/04/2022,SP4,NO,NO,15
04/04/2022 13:46:18,04/04/2022,SP4,NO,NO,15
04/04/2022 13:47:59,04/04/2022,SP4,NO,NO,15
04/04/2022 13:48:30,04/04/2022,SP4,NO,NO,15
04/04/2022 13:49:33,04/04/2022,SP4,NO,NO,15
04/04/2022 13:56:49,04/04/2022,SP4,NO,NO,15
04/04/2022 13:57:57,04/04/2022,SP4,NO,NO,15
04/04/2022 13:59:23,04/04/2022,SP4,NO,NO,15
04/04/2022 13:59:49,04/04/2022,SP4,NO,NO,15
04/04/2022 14:00:12,04/04/2022,SP4,NO,NO,15
04/04/2022 14:04:58,04/04/2022,SP4,NO,NO,15
04/04/2022 14:07:34,04/04/2022,SP4,NO,NO,15
04/04/2022 14:08:55,04/04/2022,SP4,NO,NO,15
04/04/2022 14:49:11,04/04/2022,SP4,NO,NO,15
22/06/2022 13:14:02,22/06/2022,SP4,NO,NO,26
22/06/2022 13:14:57,22/06/2022,SP4,NO,NO,26
22/06/2022 13:15:16,22/06/2022,SP4,NO,NO,26
22/06/2022 13:16:16,22/06/2022,SP4,NO,NO,26
22/06/2022 13:16:38,22/06/2022,SP4,NO,NO,26
22/06/2022 13:18:57,22/06/2022,SP4,NO,NO,26
22/06/2022 13:19:27,22/06/2022,SP4,NO,NO,26
22/06/2022 13:27:29,22/06/2022,SP4,NO,NO,26
22/06/2022 13:28:42,22/06/2022,SP4,NO,NO,26
22/06/2022 13:34:10,22/06/2022,SP4,NO,NO,26
22/06/2022 13:34:30,22/06/2022,SP4,NO,NO,26
22/06/2022 14:31:29,22/06/2022,SP4,NO,NO,26
22/06/2022 14:31:47,22/06/2022,SP4,NO,NO,26
22/06/2022 14:32:39,22/06/2022,SP4,NO,NO,26
22/06/2022 14:35:23,22/06/2022,SP4,NO,NO,26
22/06/2022 14:36:48,22/06/2022,SP4,NO,NO,26
22/06/2022 14:37:36,22/06/2022,SP4,NO,NO,26
22/06/2022 14:38:20,22/06/2022,SP4,NO,NO,26
22/06/2022 14:40:43,22/06/2022,SP4,NO,NO,26
22/06/2022 14:41:04,22/06/2022,SP4,NO,NO,26
22/06/2022 14:42:26,22/06/2022,SP4,NO,NO,26
22/06/2022 14:43:09,22/06/2022,SP4,NO,NO,26
22/06/2022 14:46:39,22/06/2022,SP4,NO,NO,26
22/06/2022 14:54:27,22/06/2022,SP4,NO,NO,26
22/06/2022 14:54:57,22/06/2022,SP4,NO,NO,26
23/06/2022 14:00:49,23/06/2022,SP4,NO,NO,26
20/09/2021 08:44:02,20/09/2021,SP4,NO,NO,39
08/11/2021 12:52:40,08/11/2021,SP4,NO,NO,46
11/11/2021 14:14:03,11/11/2021,SP4,NO,NO,46
18/11/2021 10:38:51,18/11/2021,SP4,NO,NO,47
01/12/2021 18:58:56,01/12/2021,SP4,NO,NO,49
09/12/2021 13:18:42,09/12/2021,SP4,NO,NO,50
04/01/2022 08:00:06,04/01/2022,SP4,YES,NO,2
27/01/2022 08:56:39,27/01/2022,SP4,NO,NO,5
27/01/2022 09:02:09,27/01/2022,SP4,NO,NO,5
11/02/2022 22:54:19,11/02/2022,SP4,NO,NO,7
09/03/2022 10:51:44,09/03/2022,SP4,NO,NO,11
17/03/2022 14:47:39,17/03/2022,SP4,NO,NO,12
06/04/2022 11:32:35,06/04/2022,SP4,NO,NO,15
06/04/2022 12:31:35,06/04/2022,SP4,NO,NO,15
07/04/2022 15:12:41,07/04/2022,SP4,NO,NO,15
19/04/2022 12:03:46,19/04/2022,SP4,NO,NO,17
06/05/2022 08:51:22,06/05/2022,SP4,NO,NO,19
11/05/2022 09:10:17,11/05/2022,SP4,NO,NO,20
20/05/2022 10:12:29,20/05/2022,SP4,NO,NO,21
13/06/2022 05:31:02,13/06/2022,SP4,NO,NO,25
17/03/2022 16:03:25,17/03/2022,SP4,NO,NO,12
19/11/2021 15:27:17,19/11/2021,SP4,NO,NO,47
12/04/2022 15:21:13,12/04/2022,SP4,NO,NO,16
12/04/2022 16:36:54,12/04/2022,SP4,NO,NO,16
12/04/2022 16:48:37,12/04/2022,SP4,NO,NO,16
17/05/2022 13:03:06,17/05/2022,SP4,NO,NO,21
17/05/2022 13:33:59,17/05/2022,SP4,NO,NO,21
23/05/2022 15:06:26,23/05/2022,SP4,NO,NO,22
07/06/2022 14:57:20,07/06/2022,SP4,NO,NO,24
17/07/2021 15:14:49,17/07/2021,SP4,NO,NO,29
02/09/2021 12:31:28,02/09/2021,SP4,NO,NO,36
23/11/2021 11:36:17,23/11/2021,SP4,NO,NO,48
12/04/2022 08:32:32,12/04/2022,SP4,NO,NO,16
13/12/2021 21:23:41,13/12/2021,SP4,NO,NO,51
28/09/2021 10:44:54,28/09/2021,SP4,NO,NO,40
25/11/2021 10:13:20,25/11/2021,SP4,NO,NO,48
11/10/2021 01:12:17,11/10/2021,SP4,NO,NO,42
09/03/2021 11:21:38,09/03/2021,SP3,NO,NO,11
19/03/2021 03:17:13,19/03/2021,SP3,NO,NO,12
04/02/2021 10:02:33,04/02/2021,SP3,NO,NO,6
12/10/2020 12:49:51,12/10/2020,SP3,NO,NO,42
11/03/2021 13:31:01,11/03/2021,SP3,NO,NO,11
29/09/2020 14:28:58,29/09/2020,SP3,NO,NO,40
07/04/2021 20:39:55,07/04/2021,SP3,NO,NO,15
13/01/2021 13:31:13,13/01/2021,SP3,NO,NO,3
01/10/2020 11:04:30,01/10/2020,SP3,NO,NO,40
03/11/2020 16:51:19,03/11/2020,SP3,NO,NO,45
25/12/2020 03:42:22,25/12/2020,SP3,YES,NO,52
17/02/2021 07:26:57,17/02/2021,SP3,NO,NO,8
16/03/2021 09:14:00,16/03/2021,SP3,NO,NO,12
29/03/2021 09:12:42,29/03/2021,SP3,NO,NO,14
20/04/2021 18:08:11,20/04/2021,SP3,NO,NO,17
10/05/2021 10:02:14,10/05/2021,SP3,NO,NO,20
25/06/2021 09:14:45,25/06/2021,SP3,NO,NO,26
09/12/2020 19:47:09,09/12/2020,SP3,NO,NO,50
24/02/2021 15:33:07,24/02/2021,SP3,NO,NO,9
06/10/2020 22:29:14,06/10/2020,SP3,NO,NO,41
10/10/2020 15:01:24,10/10/2020,SP3,NO,NO,41
19/02/2021 09:41:28,19/02/2021,SP3,NO,NO,8
23/02/2021 10:01:16,23/02/2021,SP3,NO,NO,9
23/02/2021 21:00:52,23/02/2021,SP3,NO,NO,9
04/03/2021 11:01:03,04/03/2021,SP3,NO,NO,10
10/03/2021 09:21:05,10/03/2021,SP3,NO,NO,11
22/03/2021 17:34:00,22/03/2021,SP3,NO,NO,13
10/04/2021 08:11:17,10/04/2021,SP3,NO,NO,15
13/04/2021 07:42:32,13/04/2021,SP3,NO,NO,16
11/11/2020 06:30:39,11/11/2020,SP3,NO,NO,46
04/11/2020 08:30:43,04/11/2020,SP3,NO,NO,45
10/03/2021 07:22:42,10/03/2021,SP3,NO,NO,11
02/03/2021 04:50:57,02/03/2021,SP3,NO,NO,10
19/03/2021 10:06:02,19/03/2021,SP3,NO,NO,12
28/10/2020 22:56:25,28/10/2020,SP3,NO,NO,44
13/04/2021 18:40:14,13/04/2021,SP3,NO,NO,16
21/01/2021 11:02:21,21/01/2021,SP3,NO,NO,4
04/12/2020 08:00:43,04/12/2020,SP3,NO,NO,49
19/03/2021 08:41:33,19/03/2021,SP3,NO,NO,12
30/11/2020 15:14:14,30/11/2020,SP3,NO,NO,49
07/10/2020 13:45:42,07/10/2020,SP3,NO,NO,41
17/09/2020 02:47:03,17/09/2020,SP3,NO,NO,38
07/10/2020 09:19:58,07/10/2020,SP3,NO,NO,41
07/10/2020 14:23:25,07/10/2020,SP3,NO,NO,41
12/10/2020 13:34:17,12/10/2020,SP3,NO,NO,42
22/01/2021 12:10:43,22/01/2021,SP3,NO,NO,4
08/02/2021 07:25:03,08/02/2021,SP3,NO,NO,7
10/05/2021 13:31:36,10/05/2021,SP3,NO,NO,20
03/11/2020 08:07:39,03/11/2020,SP3,NO,NO,45
17/12/2020 14:09:34,17/12/2020,SP3,NO,NO,51
29/01/2021 20:17:05,29/01/2021,SP3,NO,NO,5
22/02/2021 12:41:28,22/02/2021,SP3,NO,NO,9
10/10/2020 10:08:24,10/10/2020,SP3,NO,NO,41
14/01/2021 02:52:28,14/01/2021,SP3,NO,NO,3
04/06/2021 18:39:55,04/06/2021,SP3,NO,NO,23
17/09/2020 06:46:09,17/09/2020,SP3,NO,NO,38
11/03/2021 14:54:14,11/03/2021,SP3,NO,NO,11
11/03/2021 14:59:08,11/03/2021,SP3,NO,NO,11
12/03/2021 17:30:05,12/03/2021,SP3,NO,NO,11
23/06/2021 07:52:48,23/06/2021,SP3,NO,NO,26
26/11/2020 10:30:08,26/11/2020,SP3,NO,NO,48
20/01/2021 16:00:55,20/01/2021,SP3,NO,NO,4
04/11/2020 01:17:57,04/11/2020,SP3,NO,NO,45
21/09/2020 11:29:45,21/09/2020,SP3,NO,NO,39
10/06/2021 10:56:06,10/06/2021,SP3,NO,NO,24
23/09/2020 09:46:43,23/09/2020,SP3,NO,NO,39
13/10/2020 07:00:33,13/10/2020,SP3,NO,NO,42
13/11/2020 15:10:22,13/11/2020,SP3,NO,NO,46
23/02/2021 08:44:46,23/02/2021,SP3,NO,NO,9
15/03/2021 20:10:40,15/03/2021,SP3,NO,NO,12
05/04/2021 12:59:52,05/04/2021,SP3,NO,NO,15
29/07/2020 10:05:28,29/07/2020,SP3,NO,NO,31
11/01/2021 10:06:42,11/01/2021,SP3,NO,NO,3
25/04/2021 08:35:31,25/04/2021,SP3,NO,NO,18
05/05/2021 15:52:00,05/05/2021,SP3,NO,NO,19
11/03/2021 14:38:14,11/03/2021,SP3,NO,NO,11
02/06/2021 05:16:49,02/06/2021,SP3,NO,NO,23
25/02/2021 14:24:53,25/02/2021,SP3,NO,NO,9
15/10/2020 07:00:12,15/10/2020,SP3,NO,NO,42
10/11/2020 08:17:02,10/11/2020,SP3,NO,NO,46
21/01/2021 13:55:32,21/01/2021,SP3,NO,NO,4
22/01/2021 15:29:50,22/01/2021,SP3,NO,NO,4
22/01/2021 16:33:25,22/01/2021,SP3,NO,NO,4
01/02/2021 05:30:46,01/02/2021,SP3,NO,NO,6
10/05/2021 09:10:28,10/05/2021,SP3,NO,NO,20
19/03/2021 16:06:13,19/03/2021,SP3,NO,NO,12
18/12/2020 14:19:29,18/12/2020,SP3,NO,NO,51
03/05/2021 15:12:58,03/05/2021,SP3,NO,NO,19
07/07/2020 14:01:25,07/07/2020,SP3,NO,NO,28
10/07/2020 14:11:21,10/07/2020,SP3,NO,NO,28
03/09/2020 19:47:57,03/09/2020,SP3,NO,NO,36
07/12/2020 09:19:13,07/12/2020,SP3,NO,NO,50
21/12/2020 15:17:59,21/12/2020,SP3,NO,NO,52
13/01/2021 14:31:06,13/01/2021,SP3,NO,NO,3
01/02/2021 15:10:51,01/02/2021,SP3,NO,NO,6
05/02/2021 00:15:11,05/02/2021,SP3,NO,NO,6
08/02/2021 16:31:04,08/02/2021,SP3,NO,NO,7
10/02/2021 19:00:39,10/02/2021,SP3,NO,NO,7
18/02/2021 19:36:30,18/02/2021,SP3,NO,NO,8
22/02/2021 16:42:39,22/02/2021,SP3,NO,NO,9
03/03/2021 22:30:51,03/03/2021,SP3,NO,NO,10
25/03/2021 04:20:42,25/03/2021,SP3,NO,NO,13
16/04/2021 20:20:00,16/04/2021,SP3,NO,NO,16
20/04/2021 14:54:44,20/04/2021,SP3,NO,NO,17
27/04/2021 16:52:36,27/04/2021,SP3,NO,NO,18
07/05/2021 08:02:26,07/05/2021,SP3,NO,NO,19
01/06/2021 05:35:12,01/06/2021,SP3,NO,NO,23
12/02/2021 08:41:54,12/02/2021,SP3,NO,YES,7
10/02/2021 19:11:26,10/02/2021,SP3,NO,NO,7
21/04/2021 08:42:22,21/04/2021,SP3,NO,NO,17
27/11/2020 23:15:17,27/11/2020,SP3,NO,NO,48
27/04/2021 12:32:44,27/04/2021,SP3,NO,NO,18
17/02/2021 16:30:45,17/02/2021,SP3,NO,NO,8
09/06/2021 05:49:18,09/06/2021,SP3,NO,NO,24
26/01/2021 00:44:50,26/01/2021,SP3,NO,NO,5
05/01/2021 22:45:36,05/01/2021,SP3,YES,NO,2
05/10/2020 07:31:21,05/10/2020,SP3,NO,NO,41
05/10/2020 07:31:38,05/10/2020,SP3,NO,NO,41
05/10/2020 07:31:56,05/10/2020,SP3,NO,NO,41
05/10/2020 07:32:14,05/10/2020,SP3,NO,NO,41
05/10/2020 09:10:50,05/10/2020,SP3,NO,NO,41
10/03/2021 16:05:20,10/03/2021,SP3,NO,NO,11
10/03/2021 16:05:36,10/03/2021,SP3,NO,NO,11
10/03/2021 16:05:55,10/03/2021,SP3,NO,NO,11
10/03/2021 16:06:13,10/03/2021,SP3,NO,NO,11
10/03/2021 16:06:31,10/03/2021,SP3,NO,NO,11
10/03/2021 16:06:53,10/03/2021,SP3,NO,NO,11
10/03/2021 16:07:13,10/03/2021,SP3,NO,NO,11
10/03/2021 16:07:30,10/03/2021,SP3,NO,NO,11
10/03/2021 16:07:47,10/03/2021,SP3,NO,NO,11
10/03/2021 16:08:03,10/03/2021,SP3,NO,NO,11
10/03/2021 16:08:19,10/03/2021,SP3,NO,NO,11
10/03/2021 16:08:36,10/03/2021,SP3,NO,NO,11
10/03/2021 16:08:53,10/03/2021,SP3,NO,NO,11
10/03/2021 16:09:09,10/03/2021,SP3,NO,NO,11
10/03/2021 16:09:27,10/03/2021,SP3,NO,NO,11
10/03/2021 16:09:42,10/03/2021,SP3,NO,NO,11
10/03/2021 16:09:58,10/03/2021,SP3,NO,NO,11
11/03/2021 10:24:50,11/03/2021,SP3,NO,NO,11
15/03/2021 16:37:09,15/03/2021,SP3,NO,NO,12
15/03/2021 16:37:24,15/03/2021,SP3,NO,NO,12
15/03/2021 16:37:39,15/03/2021,SP3,NO,NO,12
09/04/2021 14:12:22,09/04/2021,SP3,NO,NO,15
14/10/2020 16:55:44,14/10/2020,SP3,NO,NO,42
12/01/2021 13:58:42,12/01/2021,SP3,NO,NO,3
05/08/2020 12:26:33,05/08/2020,SP3,NO,NO,32
18/09/2020 07:00:22,18/09/2020,SP3,NO,NO,38
21/09/2020 09:20:13,21/09/2020,SP3,NO,NO,39
24/09/2020 12:18:51,24/09/2020,SP3,NO,NO,39
24/09/2020 12:19:31,24/09/2020,SP3,NO,NO,39
30/09/2020 12:33:18,30/09/2020,SP3,NO,NO,40
26/10/2020 15:58:52,26/10/2020,SP3,NO,NO,44
30/11/2020 09:11:17,30/11/2020,SP3,NO,NO,49
01/12/2020 15:31:00,01/12/2020,SP3,NO,NO,49
03/12/2020 15:52:17,03/12/2020,SP3,NO,NO,49
17/12/2020 14:07:02,17/12/2020,SP3,NO,NO,51
02/02/2021 16:10:57,02/02/2021,SP3,NO,NO,6
01/03/2021 14:24:15,01/03/2021,SP3,NO,NO,10
10/03/2021 23:47:22,10/03/2021,SP3,NO,NO,11
11/03/2021 17:31:12,11/03/2021,SP3,NO,NO,11
17/03/2021 17:26:35,17/03/2021,SP3,NO,NO,12
24/03/2021 15:56:26,24/03/2021,SP3,NO,NO,13
29/03/2021 22:40:56,29/03/2021,SP3,NO,NO,14
14/04/2021 08:48:38,14/04/2021,SP3,NO,NO,16
14/04/2021 21:59:01,14/04/2021,SP3,NO,NO,16
21/04/2021 18:32:19,21/04/2021,SP3,NO,NO,17
22/04/2021 10:52:36,22/04/2021,SP3,NO,NO,17
06/05/2021 08:53:07,06/05/2021,SP3,NO,NO,19
13/05/2021 17:51:39,13/05/2021,SP3,NO,NO,20
20/05/2021 09:03:57,20/05/2021,SP3,NO,NO,21
11/06/2021 07:34:37,11/06/2021,SP3,NO,NO,24
13/06/2021 10:27:38,13/06/2021,SP3,NO,NO,25
18/06/2021 12:09:13,18/06/2021,SP3,NO,NO,25
08/10/2020 10:07:38,08/10/2020,SP3,NO,NO,41
21/10/2020 14:17:18,21/10/2020,SP3,NO,NO,43
18/12/2020 14:26:01,18/12/2020,SP3,NO,NO,51
06/04/2021 09:19:03,06/04/2021,SP3,NO,NO,15
12/05/2021 08:37:52,12/05/2021,SP3,NO,NO,20
26/05/2021 15:06:26,26/05/2021,SP3,NO,NO,22
10/01/2021 14:50:38,10/01/2021,SP3,NO,NO,3
27/01/2021 00:48:27,27/01/2021,SP3,NO,NO,5
01/03/2021 16:00:23,01/03/2021,SP3,NO,NO,10
30/03/2021 16:51:26,30/03/2021,SP3,NO,NO,14
09/06/2021 08:21:05,09/06/2021,SP3,NO,NO,24
14/04/2021 16:21:35,14/04/2021,SP3,NO,NO,16
13/01/2021 04:02:58,13/01/2021,SP3,NO,NO,3
15/04/2021 08:14:38,15/04/2021,SP3,NO,NO,16
16/11/2020 17:52:29,16/11/2020,SP3,NO,NO,47
16/09/2020 09:01:23,16/09/2020,SP3,NO,NO,38
21/12/2020 11:53:31,21/12/2020,SP3,NO,NO,52
10/08/2020 10:03:12,10/08/2020,SP3,NO,NO,33
24/09/2020 12:20:10,24/09/2020,SP3,NO,NO,39
24/09/2020 12:21:25,24/09/2020,SP3,NO,NO,39
26/11/2020 09:50:42,26/11/2020,SP3,NO,NO,48
10/12/2020 12:11:14,10/12/2020,SP3,NO,NO,50
10/12/2020 12:21:08,10/12/2020,SP3,NO,NO,50
10/12/2020 14:20:58,10/12/2020,SP3,NO,NO,50
11/12/2020 08:41:36,11/12/2020,SP3,NO,NO,50
11/12/2020 13:21:15,11/12/2020,SP3,NO,NO,50
16/12/2020 01:10:39,16/12/2020,SP3,NO,NO,51
16/12/2020 10:51:03,16/12/2020,SP3,NO,NO,51
05/01/2021 10:41:33,05/01/2021,SP3,YES,NO,2
05/01/2021 13:41:05,05/01/2021,SP3,YES,NO,2
12/01/2021 10:01:28,12/01/2021,SP3,NO,NO,3
20/01/2021 07:50:46,20/01/2021,SP3,NO,NO,4
20/01/2021 09:51:33,20/01/2021,SP3,NO,NO,4
21/01/2021 08:51:44,21/01/2021,SP3,NO,NO,4
08/02/2021 09:01:33,08/02/2021,SP3,NO,NO,7
08/02/2021 17:20:55,08/02/2021,SP3,NO,NO,7
09/02/2021 10:12:50,09/02/2021,SP3,NO,NO,7
17/03/2021 16:24:07,17/03/2021,SP3,NO,NO,12
31/03/2021 10:04:08,31/03/2021,SP3,NO,NO,14
06/04/2021 08:11:02,06/04/2021,SP3,NO,NO,15
12/04/2021 12:52:26,12/04/2021,SP3,NO,NO,16
03/05/2021 07:51:45,03/05/2021,SP3,NO,NO,19
26/05/2021 07:41:15,26/05/2021,SP3,NO,NO,22
21/06/2021 10:31:20,21/06/2021,SP3,NO,NO,26
01/12/2020 14:56:56,01/12/2020,SP3,NO,NO,49
31/12/2020 10:16:32,31/12/2020,SP3,YES,NO,53
18/09/2020 20:46:55,18/09/2020,SP3,NO,NO,38
29/03/2021 13:18:29,29/03/2021,SP3,NO,NO,14
14/04/2021 08:41:29,14/04/2021,SP3,NO,NO,16
03/03/2021 08:10:03,03/03/2021,SP3,NO,NO,10
03/02/2021 07:13:12,03/02/2021,SP3,NO,NO,6
04/11/2020 12:39:19,04/11/2020,SP3,NO,NO,45
25/05/2021 12:33:00,25/05/2021,SP3,NO,NO,22
24/11/2020 07:09:20,24/11/2020,SP3,NO,NO,48
24/11/2020 07:56:11,24/11/2020,SP3,NO,NO,48
16/04/2021 13:02:57,16/04/2021,SP3,NO,NO,16
29/09/2020 20:01:51,29/09/2020,SP3,NO,NO,40
20/01/2021 23:38:56,20/01/2021,SP3,NO,NO,4
31/03/2021 17:01:59,31/03/2021,SP3,NO,NO,14
14/07/2020 11:25:00,14/07/2020,SP3,NO,NO,29
19/08/2020 15:46:07,19/08/2020,SP3,NO,NO,34
21/09/2020 13:03:59,21/09/2020,SP3,NO,NO,39
14/10/2020 11:19:26,14/10/2020,SP3,NO,NO,42
05/11/2020 10:17:01,05/11/2020,SP3,NO,NO,45
14/01/2021 16:49:16,14/01/2021,SP3,NO,NO,3
20/01/2021 06:26:09,20/01/2021,SP3,NO,NO,4
07/06/2021 14:09:06,07/06/2021,SP3,NO,NO,24
19/07/2020 10:33:17,19/07/2020,SP3,NO,NO,30
27/07/2020 07:16:19,27/07/2020,SP3,NO,NO,31
24/09/2020 12:23:03,24/09/2020,SP3,NO,NO,39
28/10/2020 05:43:49,28/10/2020,SP3,NO,NO,44
31/10/2020 19:48:47,31/10/2020,SP3,NO,NO,44
05/01/2021 09:49:07,05/01/2021,SP3,YES,NO,2
22/03/2021 09:37:57,22/03/2021,SP3,NO,NO,13
04/11/2020 10:30:51,04/11/2020,SP3,NO,NO,45
24/11/2020 15:56:03,24/11/2020,SP3,NO,NO,48
18/12/2020 12:29:45,18/12/2020,SP3,NO,NO,51
10/02/2021 11:54:44,10/02/2021,SP3,NO,NO,7
08/03/2021 11:07:16,08/03/2021,SP3,NO,NO,11
06/04/2021 13:21:40,06/04/2021,SP3,NO,NO,15
14/12/2020 02:57:59,14/12/2020,SP3,NO,NO,51
01/12/2020 14:01:11,01/12/2020,SP3,NO,NO,49
31/03/2021 11:02:25,31/03/2021,SP3,NO,NO,14
16/12/2020 11:01:24,16/12/2020,SP3,NO,NO,51
31/03/2021 18:59:10,31/03/2021,SP3,NO,NO,14
18/04/2021 16:21:07,18/04/2021,SP3,NO,NO,17
05/05/2021 10:01:29,05/05/2021,SP3,NO,NO,19
01/12/2020 09:31:21,01/12/2020,SP3,NO,NO,49
02/02/2021 07:30:57,02/02/2021,SP3,NO,NO,6
11/02/2021 12:31:13,11/02/2021,SP3,NO,YES,7
18/05/2021 13:54:41,18/05/2021,SP3,NO,NO,21
25/09/2020 07:22:30,25/09/2020,SP3,NO,NO,39
30/09/2020 07:11:25,30/09/2020,SP3,NO,NO,40
30/09/2020 07:21:38,30/09/2020,SP3,NO,NO,40
03/11/2020 16:21:10,03/11/2020,SP3,NO,NO,45
25/11/2020 14:22:08,25/11/2020,SP3,NO,NO,48
26/11/2020 07:30:39,26/11/2020,SP3,NO,NO,48
03/12/2020 15:31:03,03/12/2020,SP3,NO,NO,49
04/12/2020 12:50:56,04/12/2020,SP3,NO,NO,49
04/12/2020 14:31:24,04/12/2020,SP3,NO,NO,49
16/12/2020 14:31:32,16/12/2020,SP3,NO,NO,51
18/01/2021 16:50:59,18/01/2021,SP3,NO,NO,4
18/01/2021 17:00:57,18/01/2021,SP3,NO,NO,4
18/01/2021 17:11:34,18/01/2021,SP3,NO,NO,4
11/02/2021 14:11:16,11/02/2021,SP3,NO,YES,7
12/05/2021 14:14:05,12/05/2021,SP3,NO,NO,20
26/05/2021 11:53:24,26/05/2021,SP3,NO,NO,22
11/12/2020 11:06:03,11/12/2020,SP3,NO,NO,50
15/01/2021 11:22:43,15/01/2021,SP3,NO,NO,3
20/11/2020 08:19:32,20/11/2020,SP3,NO,NO,47
15/01/2021 14:50:58,15/01/2021,SP3,NO,NO,3
22/01/2021 15:59:59,22/01/2021,SP3,NO,NO,4
26/10/2020 14:29:19,26/10/2020,SP3,NO,NO,44
12/03/2021 13:31:40,12/03/2021,SP3,NO,NO,11
17/07/2020 09:16:03,17/07/2020,SP3,NO,NO,29
10/03/2021 21:07:21,10/03/2021,SP3,NO,NO,11
12/04/2021 07:43:13,12/04/2021,SP3,NO,NO,16
16/04/2021 11:02:00,16/04/2021,SP3,NO,NO,16
30/04/2021 22:53:15,30/04/2021,SP3,NO,NO,18
03/09/2020 18:26:53,03/09/2020,SP3,NO,NO,36
04/11/2020 09:20:39,04/11/2020,SP3,NO,NO,45
04/11/2020 09:23:40,04/11/2020,SP3,NO,NO,45
14/06/2021 07:39:56,14/06/2021,SP3,NO,NO,25
26/10/2020 15:51:29,26/10/2020,SP3,NO,NO,44
02/03/2021 17:32:54,02/03/2021,SP3,NO,NO,10
13/04/2021 11:57:03,13/04/2021,SP3,NO,NO,16
06/01/2021 07:43:14,06/01/2021,SP3,NO,NO,2
04/03/2021 11:34:28,04/03/2021,SP3,NO,NO,10
20/01/2021 08:53:52,20/01/2021,SP3,NO,NO,4
15/01/2021 12:47:53,15/01/2021,SP3,NO,NO,3
15/01/2021 13:07:37,15/01/2021,SP3,NO,NO,3
24/11/2020 14:51:28,24/11/2020,SP3,NO,NO,48
09/03/2021 00:21:27,09/03/2021,SP3,NO,NO,11
07/05/2021 17:37:44,07/05/2021,SP3,NO,NO,19
13/02/2021 10:10:05,13/02/2021,SP3,NO,YES,7
22/12/2020 07:28:07,22/12/2020,SP3,NO,NO,52
01/09/2020 10:52:59,01/09/2020,SP3,NO,NO,36
13/05/2021 07:56:34,13/05/2021,SP3,NO,NO,20
27/05/2021 14:52:37,27/05/2021,SP3,NO,NO,22
13/08/2020 18:23:18,13/08/2020,SP3,NO,NO,33
25/08/2020 09:33:12,25/08/2020,SP3,NO,NO,35
21/01/2021 09:13:14,21/01/2021,SP3,NO,NO,4
21/01/2021 09:13:29,21/01/2021,SP3,NO,NO,4
21/01/2021 09:13:44,21/01/2021,SP3,NO,NO,4
21/01/2021 09:14:00,21/01/2021,SP3,NO,NO,4
21/01/2021 09:14:15,21/01/2021,SP3,NO,NO,4
21/01/2021 09:14:30,21/01/2021,SP3,NO,NO,4
21/01/2021 09:14:45,21/01/2021,SP3,NO,NO,4
21/01/2021 09:15:02,21/01/2021,SP3,NO,NO,4
21/01/2021 09:15:19,21/01/2021,SP3,NO,NO,4
21/01/2021 09:15:35,21/01/2021,SP3,NO,NO,4
17/11/2020 16:54:56,17/11/2020,SP3,NO,NO,47
03/08/2020 08:06:18,03/08/2020,SP3,NO,NO,32
24/08/2020 08:23:18,24/08/2020,SP3,NO,NO,35
24/08/2020 17:31:51,24/08/2020,SP3,NO,NO,35
13/10/2020 10:26:41,13/10/2020,SP3,NO,NO,42
12/11/2020 03:44:48,12/11/2020,SP3,NO,NO,46
30/11/2020 09:51:12,30/11/2020,SP3,NO,NO,49
30/11/2020 13:30:49,30/11/2020,SP3,NO,NO,49
16/12/2020 04:27:41,16/12/2020,SP3,NO,NO,51
16/12/2020 09:38:28,16/12/2020,SP3,NO,NO,51
17/12/2020 03:59:40,17/12/2020,SP3,NO,NO,51
29/12/2020 04:05:24,29/12/2020,SP3,YES,NO,53
03/03/2021 18:04:38,03/03/2021,SP3,NO,NO,10
09/03/2021 10:54:25,09/03/2021,SP3,NO,NO,11
07/04/2021 20:22:43,07/04/2021,SP3,NO,NO,15
12/04/2021 14:22:56,12/04/2021,SP3,NO,NO,16
03/05/2021 06:04:12,03/05/2021,SP3,NO,NO,19
20/05/2021 14:49:21,20/05/2021,SP3,NO,NO,21
08/06/2021 10:17:32,08/06/2021,SP3,NO,NO,24
21/05/2021 18:02:53,21/05/2021,SP3,NO,NO,21
21/05/2021 18:02:59,21/05/2021,SP3,NO,NO,21
21/05/2021 18:03:05,21/05/2021,SP3,NO,NO,21
21/05/2021 18:03:11,21/05/2021,SP3,NO,NO,21
21/05/2021 18:03:17,21/05/2021,SP3,NO,NO,21
21/05/2021 18:03:24,21/05/2021,SP3,NO,NO,21
01/03/2021 11:40:05,01/03/2021,SP3,NO,NO,10
01/03/2021 12:06:06,01/03/2021,SP3,NO,NO,10
03/05/2021 09:04:55,03/05/2021,SP3,NO,NO,19
03/05/2021 13:37:17,03/05/2021,SP3,NO,NO,19
22/02/2021 11:00:23,22/02/2021,SP3,NO,NO,9
08/06/2021 11:55:41,08/06/2021,SP3,NO,NO,24
15/04/2021 05:31:15,15/04/2021,SP3,NO,NO,16
21/01/2021 14:02:03,21/01/2021,SP3,NO,NO,4
17/09/2020 05:47:59,17/09/2020,SP3,NO,NO,38
15/12/2020 07:30:55,15/12/2020,SP3,NO,NO,51
12/02/2021 10:41:05,12/02/2021,SP3,NO,YES,7
14/04/2021 08:04:30,14/04/2021,SP3,NO,NO,16
17/12/2020 21:43:56,17/12/2020,SP3,NO,NO,51
02/12/2020 14:02:10,02/12/2020,SP3,NO,NO,49
14/10/2020 12:25:26,14/10/2020,SP3,NO,NO,42
08/01/2021 14:50:03,08/01/2021,SP3,NO,NO,2
10/01/2021 14:40:37,10/01/2021,SP3,NO,NO,3
13/11/2020 15:01:45,13/11/2020,SP3,NO,NO,46
10/12/2020 10:13:04,10/12/2020,SP3,NO,NO,50
27/11/2020 02:23:15,27/11/2020,SP3,NO,NO,48
11/09/2020 13:37:44,11/09/2020,SP3,NO,NO,37
10/11/2020 20:16:33,10/11/2020,SP3,NO,NO,46
13/10/2020 13:20:20,13/10/2020,SP3,NO,NO,42
24/11/2020 11:18:50,24/11/2020,SP3,NO,NO,48
27/11/2020 16:33:06,27/11/2020,SP3,NO,NO,48
04/12/2020 10:56:17,04/12/2020,SP3,NO,NO,49
17/12/2020 13:07:46,17/12/2020,SP3,NO,NO,51
08/01/2021 16:10:24,08/01/2021,SP3,NO,NO,2
25/02/2021 12:18:58,25/02/2021,SP3,NO,NO,9
01/04/2021 09:20:08,01/04/2021,SP3,NO,NO,14
16/04/2021 12:34:40,16/04/2021,SP3,NO,NO,16
05/05/2021 14:20:26,05/05/2021,SP3,NO,NO,19
21/08/2020 06:40:26,21/08/2020,SP3,NO,NO,34
05/11/2020 13:23:46,05/11/2020,SP3,NO,NO,45
28/09/2020 08:20:25,28/09/2020,SP3,NO,NO,40
06/03/2021 13:36:35,06/03/2021,SP3,NO,NO,10
28/01/2021 18:53:43,28/01/2021,SP3,NO,NO,5
28/01/2021 19:12:26,28/01/2021,SP3,NO,NO,5
28/01/2021 20:23:53,28/01/2021,SP3,NO,NO,5
08/04/2021 07:41:58,08/04/2021,SP3,NO,NO,15
02/06/2021 12:34:49,02/06/2021,SP3,NO,NO,23
10/02/2021 16:22:49,10/02/2021,SP3,NO,NO,7
15/10/2020 09:28:44,15/10/2020,SP3,NO,NO,42
17/12/2020 14:52:26,17/12/2020,SP3,NO,NO,51
11/02/2021 14:28:04,11/02/2021,SP3,NO,YES,7
16/10/2020 08:36:16,16/10/2020,SP3,NO,NO,42
05/10/2020 07:35:15,05/10/2020,SP3,NO,NO,41
03/06/2021 06:32:31,03/06/2021,SP3,NO,NO,23
27/05/2021 09:56:34,27/05/2021,SP3,NO,NO,22
16/03/2021 19:22:12,16/03/2021,SP3,NO,NO,12
22/01/2021 16:09:03,22/01/2021,SP3,NO,NO,4
22/01/2021 16:42:03,22/01/2021,SP3,NO,NO,4
18/05/2021 21:21:57,18/05/2021,SP3,NO,NO,21
15/06/2021 13:41:18,15/06/2021,SP3,NO,NO,25
10/07/2020 09:25:15,10/07/2020,SP3,NO,NO,28
29/04/2021 15:00:31,29/04/2021,SP3,NO,NO,18
30/04/2021 08:08:49,30/04/2021,SP3,NO,NO,18
25/05/2021 12:15:35,25/05/2021,SP3,NO,NO,22
25/05/2021 20:17:18,25/05/2021,SP3,NO,NO,22
27/05/2021 04:40:31,27/05/2021,SP3,NO,NO,22
09/12/2020 09:16:03,09/12/2020,SP3,NO,NO,50
09/12/2020 09:17:16,09/12/2020,SP3,NO,NO,50
09/12/2020 10:09:51,09/12/2020,SP3,NO,NO,50
23/02/2021 14:13:52,23/02/2021,SP3,NO,NO,9
21/07/2020 05:41:35,21/07/2020,SP3,NO,NO,30
15/06/2021 12:36:38,15/06/2021,SP3,NO,NO,25
15/06/2021 12:36:56,15/06/2021,SP3,NO,NO,25
15/06/2021 12:37:13,15/06/2021,SP3,NO,NO,25
15/06/2021 12:37:30,15/06/2021,SP3,NO,NO,25
15/06/2021 12:37:50,15/06/2021,SP3,NO,NO,25
15/06/2021 12:38:07,15/06/2021,SP3,NO,NO,25
15/06/2021 12:38:23,15/06/2021,SP3,NO,NO,25
15/06/2021 12:38:40,15/06/2021,SP3,NO,NO,25
15/06/2021 12:38:57,15/06/2021,SP3,NO,NO,25
11/12/2020 10:52:19,11/12/2020,SP3,NO,NO,50
19/01/2021 08:03:39,19/01/2021,SP3,NO,NO,4
02/02/2021 10:48:30,02/02/2021,SP3,NO,NO,6
23/02/2021 09:49:29,23/02/2021,SP3,NO,NO,9
15/03/2021 15:09:31,15/03/2021,SP3,NO,NO,12
17/05/2021 11:26:54,17/05/2021,SP3,NO,NO,21
17/05/2021 16:59:29,17/05/2021,SP3,NO,NO,21
07/06/2021 14:52:02,07/06/2021,SP3,NO,NO,24
14/06/2021 06:42:42,14/06/2021,SP3,NO,NO,25
18/06/2021 07:50:23,18/06/2021,SP3,NO,NO,25
28/06/2021 13:42:57,28/06/2021,SP3,NO,NO,27
27/05/2021 13:01:59,27/05/2021,SP3,NO,NO,22
11/02/2021 11:52:22,11/02/2021,SP3,NO,YES,7
14/04/2021 13:47:43,14/04/2021,SP3,NO,NO,16
12/03/2021 10:01:00,12/03/2021,SP3,NO,NO,11
18/03/2021 09:33:12,18/03/2021,SP3,NO,NO,12
09/06/2021 14:52:25,09/06/2021,SP3,NO,NO,24
27/07/2020 06:51:20,27/07/2020,SP3,NO,NO,31
14/04/2021 10:39:25,14/04/2021,SP3,NO,NO,16
22/09/2020 07:46:46,22/09/2020,SP3,NO,NO,39
22/02/2021 10:01:55,22/02/2021,SP3,NO,NO,9
04/02/2021 12:25:42,04/02/2021,SP3,NO,NO,6
16/07/2020 06:03:19,16/07/2020,SP3,NO,NO,29
08/10/2020 07:31:48,08/10/2020,SP3,NO,NO,41
24/09/2020 12:20:47,24/09/2020,SP3,NO,NO,39
14/05/2020 15:07:51,14/05/2020,SP2,NO,NO,20
09/01/2020 09:43:27,09/01/2020,SP2,NO,NO,2
12/02/2020 09:43:29,12/02/2020,SP2,NO,NO,7
12/02/2020 09:48:11,12/02/2020,SP2,NO,NO,7
27/02/2020 14:27:09,27/02/2020,SP2,NO,NO,9
26/11/2019 16:34:15,26/11/2019,SP2,NO,NO,48
11/05/2020 07:42:38,11/05/2020,SP2,NO,NO,20
03/01/2020 14:10:41,03/01/2020,SP2,YES,NO,1
08/01/2020 08:21:05,08/01/2020,SP2,NO,NO,2
19/11/2019 11:14:50,19/11/2019,SP2,NO,NO,47
19/01/2020 06:42:15,19/01/2020,SP2,NO,NO,4
21/01/2020 13:40:48,21/01/2020,SP2,NO,NO,4
06/02/2020 09:49:21,06/02/2020,SP2,NO,NO,6
08/04/2020 14:52:48,08/04/2020,SP2,NO,NO,15
03/03/2020 11:40:39,03/03/2020,SP2,NO,NO,10
26/03/2020 05:26:57,26/03/2020,SP2,NO,NO,13
20/02/2020 08:20:51,20/02/2020,SP2,NO,NO,8
11/05/2020 09:28:13,11/05/2020,SP2,NO,NO,20
14/05/2020 06:49:26,14/05/2020,SP2,NO,NO,20
14/05/2020 07:59:11,14/05/2020,SP2,NO,NO,20
18/11/2019 03:11:16,18/11/2019,SP2,NO,NO,47
22/03/2020 16:00:58,22/03/2020,SP2,NO,NO,13
09/04/2020 22:16:03,09/04/2020,SP2,NO,NO,15
06/12/2019 08:38:55,06/12/2019,SP2,NO,NO,49
03/03/2020 09:50:44,03/03/2020,SP2,NO,NO,10
12/05/2020 09:47:28,12/05/2020,SP2,NO,NO,20
20/03/2020 07:21:32,20/03/2020,SP2,NO,NO,12
30/03/2020 14:08:31,30/03/2020,SP2,NO,NO,14
25/09/2019 07:32:16,25/09/2019,SP2,NO,NO,39
11/03/2020 10:11:41,11/03/2020,SP2,NO,NO,11
22/01/2020 09:56:54,22/01/2020,SP2,NO,NO,4
17/12/2019 09:50:09,17/12/2019,SP2,NO,NO,51
20/09/2019 07:47:55,20/09/2019,SP2,NO,NO,38
19/05/2020 09:20:56,19/05/2020,SP2,NO,NO,21
22/01/2020 08:57:30,22/01/2020,SP2,NO,NO,4
23/01/2020 04:04:14,23/01/2020,SP2,NO,NO,4
02/03/2020 16:35:18,02/03/2020,SP2,NO,NO,10
09/12/2019 07:30:32,09/12/2019,SP2,NO,NO,50
14/05/2020 13:39:44,14/05/2020,SP2,NO,NO,20
02/03/2020 09:21:28,02/03/2020,SP2,NO,NO,10
05/12/2019 12:44:46,05/12/2019,SP2,NO,NO,49
17/10/2019 13:23:40,17/10/2019,SP2,NO,NO,42
25/12/2019 09:12:31,25/12/2019,SP2,YES,NO,52
08/04/2020 15:48:26,08/04/2020,SP2,NO,NO,15
22/04/2020 03:57:55,22/04/2020,SP2,NO,NO,17
13/05/2020 04:44:18,13/05/2020,SP2,NO,NO,20
20/02/2020 11:32:20,20/02/2020,SP2,NO,NO,8
24/04/2020 11:48:59,24/04/2020,SP2,NO,NO,17
29/04/2020 14:36:21,29/04/2020,SP2,NO,NO,18
22/08/2019 11:48:36,22/08/2019,SP2,NO,NO,34
14/02/2020 20:06:56,14/02/2020,SP2,NO,NO,7
25/04/2020 15:20:04,25/04/2020,SP2,NO,NO,17
04/05/2020 15:36:02,04/05/2020,SP2,NO,NO,19
12/05/2020 16:58:06,12/05/2020,SP2,NO,NO,20
27/05/2020 20:56:26,27/05/2020,SP2,NO,NO,22
08/06/2020 17:02:17,08/06/2020,SP2,NO,NO,24
09/06/2020 12:45:51,09/06/2020,SP2,NO,NO,24
11/06/2020 08:45:40,11/06/2020,SP2,NO,NO,24
18/03/2020 11:08:12,18/03/2020,SP2,NO,NO,12
14/04/2020 20:27:49,14/04/2020,SP2,NO,NO,16
29/01/2020 00:53:49,29/01/2020,SP2,NO,YES,5
30/01/2020 21:38:18,30/01/2020,SP2,NO,YES,5
13/02/2020 01:25:51,13/02/2020,SP2,NO,NO,7
16/06/2020 06:37:59,16/06/2020,SP2,NO,NO,25
16/06/2020 06:40:20,16/06/2020,SP2,NO,NO,25
17/06/2020 08:21:18,17/06/2020,SP2,NO,NO,25
14/11/2019 15:02:43,14/11/2019,SP2,NO,NO,46
09/12/2019 07:07:03,09/12/2019,SP2,NO,NO,50
09/12/2019 07:43:51,09/12/2019,SP2,NO,NO,50
12/02/2020 12:57:18,12/02/2020,SP2,NO,NO,7
16/03/2020 11:13:35,16/03/2020,SP2,NO,NO,12
06/12/2019 09:56:24,06/12/2019,SP2,NO,NO,49
11/11/2019 11:16:09,11/11/2019,SP2,NO,NO,46
21/01/2020 15:18:00,21/01/2020,SP2,NO,NO,4
18/02/2020 04:36:45,18/02/2020,SP2,NO,NO,8
21/02/2020 23:29:23,21/02/2020,SP2,NO,NO,8
09/04/2020 07:50:56,09/04/2020,SP2,NO,NO,15
16/01/2020 11:03:12,16/01/2020,SP2,NO,NO,3
11/11/2019 16:54:39,11/11/2019,SP2,NO,NO,46
14/11/2019 14:48:04,14/11/2019,SP2,NO,NO,46
21/01/2020 12:41:21,21/01/2020,SP2,NO,NO,4
19/05/2020 19:52:14,19/05/2020,SP2,NO,NO,21
19/12/2019 23:41:58,19/12/2019,SP2,NO,NO,51
31/01/2020 23:33:57,31/01/2020,SP2,NO,YES,5
13/04/2020 07:03:34,13/04/2020,SP2,NO,NO,16
09/12/2019 07:38:57,09/12/2019,SP2,NO,NO,50
24/12/2019 08:35:15,24/12/2019,SP2,YES,NO,52
26/12/2019 07:11:05,26/12/2019,SP2,YES,NO,52
13/03/2020 11:36:09,13/03/2020,SP2,NO,NO,11
21/04/2020 06:20:59,21/04/2020,SP2,NO,NO,17
01/06/2020 03:43:56,01/06/2020,SP2,NO,NO,23
12/06/2020 20:26:10,12/06/2020,SP2,NO,NO,24
07/08/2019 14:16:49,07/08/2019,SP2,NO,NO,32
17/10/2019 13:59:33,17/10/2019,SP2,NO,NO,42
29/11/2019 11:26:53,29/11/2019,SP2,NO,NO,48
29/11/2019 16:07:57,29/11/2019,SP2,NO,NO,48
06/12/2019 08:10:01,06/12/2019,SP2,NO,NO,49
12/12/2019 09:49:15,12/12/2019,SP2,NO,NO,50
18/12/2019 15:43:05,18/12/2019,SP2,NO,NO,51
19/12/2019 05:41:24,19/12/2019,SP2,NO,NO,51
10/01/2020 14:06:59,10/01/2020,SP2,NO,NO,2
16/01/2020 17:45:47,16/01/2020,SP2,NO,NO,3
16/01/2020 19:36:51,16/01/2020,SP2,NO,NO,3
18/02/2020 07:36:43,18/02/2020,SP2,NO,NO,8
13/03/2020 08:11:39,13/03/2020,SP2,NO,NO,11
30/03/2020 07:59:32,30/03/2020,SP2,NO,NO,14
01/04/2020 10:08:07,01/04/2020,SP2,NO,NO,14
07/04/2020 10:41:28,07/04/2020,SP2,NO,NO,15
15/04/2020 08:48:42,15/04/2020,SP2,NO,NO,16
22/04/2020 07:41:32,22/04/2020,SP2,NO,NO,17
18/12/2019 10:45:40,18/12/2019,SP2,NO,NO,51
18/02/2020 18:25:40,18/02/2020,SP2,NO,NO,8
06/03/2020 15:13:51,06/03/2020,SP2,NO,NO,10
24/03/2020 06:36:46,24/03/2020,SP2,NO,NO,13
27/05/2020 06:21:10,27/05/2020,SP2,NO,NO,22
02/12/2019 14:32:16,02/12/2019,SP2,NO,NO,49
03/12/2019 14:52:42,03/12/2019,SP2,NO,NO,49
26/03/2020 11:27:21,26/03/2020,SP2,NO,NO,13
23/06/2020 12:18:20,23/06/2020,SP2,NO,NO,26
18/03/2020 03:09:21,18/03/2020,SP2,NO,NO,12
30/08/2019 15:46:37,30/08/2019,SP2,NO,NO,35
31/12/2019 13:00:50,31/12/2019,SP2,YES,NO,53
03/02/2020 13:10:56,03/02/2020,SP2,NO,NO,6
09/06/2020 17:35:09,09/06/2020,SP2,NO,NO,24
30/10/2019 12:50:14,30/10/2019,SP2,NO,NO,44
27/01/2020 11:18:48,27/01/2020,SP2,NO,YES,5
26/11/2019 10:40:55,26/11/2019,SP2,NO,NO,48
02/01/2020 14:10:45,02/01/2020,SP2,YES,NO,1
02/01/2020 17:01:03,02/01/2020,SP2,YES,NO,1
17/02/2020 06:20:38,17/02/2020,SP2,NO,NO,8
07/03/2020 17:01:34,07/03/2020,SP2,NO,NO,10
27/03/2020 09:33:15,27/03/2020,SP2,NO,NO,13
03/04/2020 12:03:30,03/04/2020,SP2,NO,NO,14
08/04/2020 09:43:29,08/04/2020,SP2,NO,NO,15
30/04/2020 08:11:42,30/04/2020,SP2,NO,NO,18
26/05/2020 16:22:51,26/05/2020,SP2,NO,NO,22
10/12/2019 10:21:40,10/12/2019,SP2,NO,NO,50
22/01/2020 09:17:15,22/01/2020,SP2,NO,NO,4
23/03/2020 11:33:40,23/03/2020,SP2,NO,NO,13
31/03/2020 20:07:20,31/03/2020,SP2,NO,NO,14
27/05/2020 17:31:23,27/05/2020,SP2,NO,NO,22
03/06/2020 15:00:45,03/06/2020,SP2,NO,NO,23
19/11/2019 07:16:47,19/11/2019,SP2,NO,NO,47
05/12/2019 15:47:09,05/12/2019,SP2,NO,NO,49
13/02/2020 09:58:34,13/02/2020,SP2,NO,NO,7
24/02/2020 13:59:58,24/02/2020,SP2,NO,NO,9
27/02/2020 11:43:20,27/02/2020,SP2,NO,NO,9
04/03/2020 09:00:04,04/03/2020,SP2,NO,NO,10
12/05/2020 11:32:04,12/05/2020,SP2,NO,NO,20
10/06/2020 20:24:23,10/06/2020,SP2,NO,NO,24
20/08/2019 15:59:59,20/08/2019,SP2,NO,NO,34
12/11/2019 10:50:33,12/11/2019,SP2,NO,NO,46
12/11/2019 11:30:50,12/11/2019,SP2,NO,NO,46
12/11/2019 14:30:41,12/11/2019,SP2,NO,NO,46
07/01/2020 11:12:17,07/01/2020,SP2,NO,NO,2
07/01/2020 11:12:23,07/01/2020,SP2,NO,NO,2
31/01/2020 14:08:15,31/01/2020,SP2,NO,YES,5
20/03/2020 07:31:55,20/03/2020,SP2,NO,NO,12
03/04/2020 14:47:36,03/04/2020,SP2,NO,NO,14
08/04/2020 15:12:27,08/04/2020,SP2,NO,NO,15
06/05/2020 06:00:30,06/05/2020,SP2,NO,NO,19
18/05/2020 07:40:16,18/05/2020,SP2,NO,NO,21
19/06/2020 07:11:27,19/06/2020,SP2,NO,NO,25
07/08/2019 14:08:44,07/08/2019,SP2,NO,NO,32
26/12/2019 09:14:43,26/12/2019,SP2,YES,NO,52
19/03/2020 06:01:56,19/03/2020,SP2,NO,NO,12
29/04/2020 09:57:06,29/04/2020,SP2,NO,NO,18
19/12/2019 05:56:59,19/12/2019,SP2,NO,NO,51
06/02/2020 09:27:01,06/02/2020,SP2,NO,NO,6
27/01/2020 13:31:47,27/01/2020,SP2,NO,YES,5
08/10/2019 03:18:48,08/10/2019,SP2,NO,NO,41
08/10/2019 03:35:04,08/10/2019,SP2,NO,NO,41
19/11/2019 13:01:37,19/11/2019,SP2,NO,NO,47
27/11/2019 18:51:32,27/11/2019,SP2,NO,NO,48
09/01/2020 22:07:01,09/01/2020,SP2,NO,NO,2
09/01/2020 22:19:06,09/01/2020,SP2,NO,NO,2
11/02/2020 08:41:13,11/02/2020,SP2,NO,NO,7
12/02/2020 01:16:52,12/02/2020,SP2,NO,NO,7
07/04/2020 08:14:18,07/04/2020,SP2,NO,NO,15
05/05/2020 08:18:02,05/05/2020,SP2,NO,NO,19
27/02/2020 07:53:08,27/02/2020,SP2,NO,NO,9
24/03/2020 10:08:19,24/03/2020,SP2,NO,NO,13
11/12/2019 13:07:40,11/12/2019,SP2,NO,NO,50
04/10/2019 01:32:44,04/10/2019,SP2,NO,NO,40
04/12/2019 08:53:03,04/12/2019,SP2,NO,NO,49
06/12/2019 08:18:15,06/12/2019,SP2,NO,NO,49
09/12/2019 09:42:59,09/12/2019,SP2,NO,NO,50
08/10/2019 14:54:11,08/10/2019,SP2,NO,NO,41
11/12/2019 13:26:04,11/12/2019,SP2,NO,NO,50
26/03/2020 10:57:53,26/03/2020,SP2,NO,NO,13
09/06/2020 14:38:52,09/06/2020,SP2,NO,NO,24
24/02/2020 13:14:42,24/02/2020,SP2,NO,NO,9
09/12/2019 08:22:04,09/12/2019,SP2,NO,NO,50
09/12/2019 08:41:50,09/12/2019,SP2,NO,NO,50
09/12/2019 09:17:49,09/12/2019,SP2,NO,NO,50
11/03/2020 10:05:42,11/03/2020,SP2,NO,NO,11
15/05/2020 12:29:05,15/05/2020,SP2,NO,NO,20
13/12/2019 10:21:48,13/12/2019,SP2,NO,NO,50
29/11/2019 07:30:45,29/11/2019,SP2,NO,NO,48
25/03/2020 12:33:24,25/03/2020,SP2,NO,NO,13
09/12/2019 09:46:22,09/12/2019,SP2,NO,NO,50
09/12/2019 10:01:58,09/12/2019,SP2,NO,NO,50
02/04/2020 09:43:25,02/04/2020,SP2,NO,NO,14
02/04/2020 12:46:52,02/04/2020,SP2,NO,NO,14
21/11/2019 09:31:08,21/11/2019,SP2,NO,NO,47
10/12/2019 10:40:18,10/12/2019,SP2,NO,NO,50
06/02/2020 12:15:21,06/02/2020,SP2,NO,NO,6
18/03/2020 10:34:07,18/03/2020,SP2,NO,NO,12
25/03/2020 12:33:09,25/03/2020,SP2,NO,NO,13
25/03/2020 12:33:15,25/03/2020,SP2,NO,NO,13
07/10/2019 10:01:39,07/10/2019,SP2,NO,NO,41
19/04/2020 01:50:42,19/04/2020,SP2,NO,NO,17
06/05/2020 15:42:12,06/05/2020,SP2,NO,NO,19
21/02/2020 14:22:17,21/02/2020,SP2,NO,NO,8
04/02/2020 13:40:46,04/02/2020,SP2,NO,NO,6
16/04/2020 08:32:27,16/04/2020,SP2,NO,NO,16
27/01/2020 16:10:44,27/01/2020,SP2,NO,YES,5
27/02/2020 16:51:00,27/02/2020,SP2,NO,NO,9
27/02/2020 17:12:29,27/02/2020,SP2,NO,NO,9
20/03/2020 07:11:36,20/03/2020,SP2,NO,NO,12
03/04/2020 09:04:41,03/04/2020,SP2,NO,NO,14
05/06/2020 06:51:29,05/06/2020,SP2,NO,NO,23
20/01/2020 19:50:42,20/01/2020,SP2,NO,NO,4
26/02/2020 23:06:53,26/02/2020,SP2,NO,NO,9
17/04/2020 11:40:52,17/04/2020,SP2,NO,NO,16
15/11/2019 13:45:42,15/11/2019,SP2,NO,NO,46
10/12/2019 09:45:35,10/12/2019,SP2,NO,NO,50
28/02/2020 09:13:12,28/02/2020,SP2,NO,NO,9
11/03/2020 10:40:26,11/03/2020,SP2,NO,NO,11
11/03/2020 11:00:21,11/03/2020,SP2,NO,NO,11
18/05/2020 11:01:15,18/05/2020,SP2,NO,NO,21
30/09/2019 10:50:18,30/09/2019,SP2,NO,NO,40
21/01/2020 15:26:17,21/01/2020,SP2,NO,NO,4
27/01/2020 18:22:58,27/01/2020,SP2,NO,YES,5
08/06/2020 13:38:45,08/06/2020,SP2,NO,NO,24
21/02/2020 15:54:27,21/02/2020,SP2,NO,NO,8
02/03/2020 10:21:00,02/03/2020,SP2,NO,NO,10
08/06/2020 07:56:37,08/06/2020,SP2,NO,NO,24
05/12/2019 13:21:01,05/12/2019,SP2,NO,NO,49
11/06/2020 11:43:19,11/06/2020,SP2,NO,NO,24
06/02/2020 13:35:43,06/02/2020,SP2,NO,NO,6
06/05/2020 21:39:52,06/05/2020,SP2,NO,NO,19
06/12/2019 08:32:57,06/12/2019,SP2,NO,NO,49
06/12/2019 10:53:55,06/12/2019,SP2,NO,NO,49
17/12/2019 08:21:25,17/12/2019,SP2,NO,NO,51
22/01/2020 09:29:32,22/01/2020,SP2,NO,NO,4
17/04/2020 03:00:11,17/04/2020,SP2,NO,NO,16
15/06/2020 13:13:08,15/06/2020,SP2,NO,NO,25
15/06/2020 13:33:52,15/06/2020,SP2,NO,NO,25
11/06/2020 10:57:50,11/06/2020,SP2,NO,NO,24
03/03/2020 16:37:36,03/03/2020,SP2,NO,NO,10
02/12/2019 16:17:41,02/12/2019,SP2,NO,NO,49
12/02/2020 13:19:43,12/02/2020,SP2,NO,NO,7
30/09/2019 10:00:36,30/09/2019,SP2,NO,NO,40
21/02/2020 14:22:29,21/02/2020,SP2,NO,NO,8
14/10/2019 12:17:13,14/10/2019,SP2,NO,NO,42
14/10/2019 17:13:39,14/10/2019,SP2,NO,NO,42
14/10/2019 17:13:46,14/10/2019,SP2,NO,NO,42
14/10/2019 17:13:56,14/10/2019,SP2,NO,NO,42
14/10/2019 17:17:22,14/10/2019,SP2,NO,NO,42
14/10/2019 18:59:20,14/10/2019,SP2,NO,NO,42
14/10/2019 18:59:27,14/10/2019,SP2,NO,NO,42
14/10/2019 18:59:36,14/10/2019,SP2,NO,NO,42
14/10/2019 18:59:42,14/10/2019,SP2,NO,NO,42
03/12/2019 07:27:30,03/12/2019,SP2,NO,NO,49
06/12/2019 08:52:02,06/12/2019,SP2,NO,NO,49
18/02/2020 10:22:28,18/02/2020,SP2,NO,NO,8
20/02/2020 13:38:34,20/02/2020,SP2,NO,NO,8
15/03/2020 12:38:47,15/03/2020,SP2,NO,NO,12
15/03/2020 12:38:54,15/03/2020,SP2,NO,NO,12
15/03/2020 12:39:06,15/03/2020,SP2,NO,NO,12
27/05/2020 10:30:01,27/05/2020,SP2,NO,NO,22
27/05/2020 10:32:30,27/05/2020,SP2,NO,NO,22
19/12/2019 05:51:36,19/12/2019,SP2,NO,NO,51
13/05/2020 06:36:51,13/05/2020,SP2,NO,NO,20
05/02/2020 01:12:05,05/02/2020,SP2,NO,NO,6
16/02/2020 13:56:03,16/02/2020,SP2,NO,NO,8
15/04/2020 01:08:52,15/04/2020,SP2,NO,NO,16
04/05/2020 12:49:13,04/05/2020,SP2,NO,NO,19
30/04/2020 07:58:30,30/04/2020,SP2,NO,NO,18
18/05/2020 11:20:59,18/05/2020,SP2,NO,NO,21
17/06/2020 12:07:42,17/06/2020,SP2,NO,NO,25
30/08/2019 18:16:45,30/08/2019,SP2,NO,NO,35
19/10/2019 18:08:25,19/10/2019,SP2,NO,NO,42
22/10/2019 16:41:12,22/10/2019,SP2,NO,NO,43
29/10/2019 19:41:09,29/10/2019,SP2,NO,NO,44
29/12/2019 20:17:22,29/12/2019,SP2,YES,NO,53
11/02/2020 15:59:50,11/02/2020,SP2,NO,NO,7
24/02/2020 00:54:33,24/02/2020,SP2,NO,NO,9
24/03/2020 18:33:44,24/03/2020,SP2,NO,NO,13
06/05/2020 03:27:55,06/05/2020,SP2,NO,NO,19
10/04/2020 03:42:06,10/04/2020,SP2,NO,NO,15
17/02/2020 13:32:55,17/02/2020,SP2,NO,NO,8
06/01/2020 02:56:05,06/01/2020,SP2,NO,NO,2
28/05/2020 10:37:39,28/05/2020,SP2,NO,NO,22
13/11/2019 12:30:52,13/11/2019,SP2,NO,NO,46
07/01/2020 18:12:58,07/01/2020,SP2,NO,NO,2
25/03/2020 11:48:51,25/03/2020,SP2,NO,NO,13
01/05/2020 21:27:08,01/05/2020,SP2,NO,NO,18
01/06/2020 15:54:54,01/06/2020,SP2,NO,NO,23
22/06/2020 12:14:03,22/06/2020,SP2,NO,NO,26
10/02/2020 15:17:04,10/02/2020,SP2,NO,NO,7
17/12/2019 08:39:01,17/12/2019,SP2,NO,NO,51
20/02/2020 10:31:00,20/02/2020,SP2,NO,NO,8
07/04/2020 09:32:28,07/04/2020,SP2,NO,NO,15
07/04/2020 11:28:09,07/04/2020,SP2,NO,NO,15
06/05/2020 13:36:39,06/05/2020,SP2,NO,NO,19
12/05/2020 11:19:53,12/05/2020,SP2,NO,NO,20
13/05/2020 19:30:18,13/05/2020,SP2,NO,NO,20
09/06/2020 10:28:40,09/06/2020,SP2,NO,NO,24
06/05/2020 09:04:50,06/05/2020,SP2,NO,NO,19
06/03/2020 17:42:05,06/03/2020,SP2,NO,NO,10
08/04/2020 05:58:10,08/04/2020,SP2,NO,NO,15
23/09/2019 13:31:30,23/09/2019,SP2,NO,NO,39
23/09/2019 13:31:37,23/09/2019,SP2,NO,NO,39
23/09/2019 13:31:43,23/09/2019,SP2,NO,NO,39
23/09/2019 13:31:59,23/09/2019,SP2,NO,NO,39
23/09/2019 13:32:10,23/09/2019,SP2,NO,NO,39
23/09/2019 13:32:25,23/09/2019,SP2,NO,NO,39
21/10/2019 12:20:29,21/10/2019,SP2,NO,NO,43
21/10/2019 12:20:35,21/10/2019,SP2,NO,NO,43
21/10/2019 12:20:45,21/10/2019,SP2,NO,NO,43
21/10/2019 12:20:52,21/10/2019,SP2,NO,NO,43
21/10/2019 12:21:06,21/10/2019,SP2,NO,NO,43
21/10/2019 12:21:12,21/10/2019,SP2,NO,NO,43
21/10/2019 12:21:26,21/10/2019,SP2,NO,NO,43
21/10/2019 12:21:32,21/10/2019,SP2,NO,NO,43
21/10/2019 12:21:39,21/10/2019,SP2,NO,NO,43
21/10/2019 12:21:45,21/10/2019,SP2,NO,NO,43
21/10/2019 12:21:51,21/10/2019,SP2,NO,NO,43
21/10/2019 12:22:02,21/10/2019,SP2,NO,NO,43
21/10/2019 12:22:08,21/10/2019,SP2,NO,NO,43
21/10/2019 12:22:14,21/10/2019,SP2,NO,NO,43
19/12/2019 23:24:47,19/12/2019,SP2,NO,NO,51
13/01/2020 09:13:44,13/01/2020,SP2,NO,NO,3
13/01/2020 09:13:56,13/01/2020,SP2,NO,NO,3
13/01/2020 09:14:02,13/01/2020,SP2,NO,NO,3
31/01/2020 15:21:10,31/01/2020,SP2,NO,YES,5
04/02/2020 15:24:32,04/02/2020,SP2,NO,NO,6
19/02/2020 13:18:34,19/02/2020,SP2,NO,NO,8
19/02/2020 13:18:41,19/02/2020,SP2,NO,NO,8
19/02/2020 13:18:55,19/02/2020,SP2,NO,NO,8
19/02/2020 13:19:01,19/02/2020,SP2,NO,NO,8
19/02/2020 13:19:15,19/02/2020,SP2,NO,NO,8
19/02/2020 13:19:21,19/02/2020,SP2,NO,NO,8
19/02/2020 13:23:38,19/02/2020,SP2,NO,NO,8
19/02/2020 15:41:07,19/02/2020,SP2,NO,NO,8
19/02/2020 15:41:14,19/02/2020,SP2,NO,NO,8
19/02/2020 15:41:25,19/02/2020,SP2,NO,NO,8
19/02/2020 15:41:31,19/02/2020,SP2,NO,NO,8
19/02/2020 15:41:47,19/02/2020,SP2,NO,NO,8
19/02/2020 15:41:53,19/02/2020,SP2,NO,NO,8
19/02/2020 15:42:05,19/02/2020,SP2,NO,NO,8
19/02/2020 15:42:11,19/02/2020,SP2,NO,NO,8
19/02/2020 15:42:24,19/02/2020,SP2,NO,NO,8
19/02/2020 15:42:37,19/02/2020,SP2,NO,NO,8
19/02/2020 15:42:42,19/02/2020,SP2,NO,NO,8
19/02/2020 15:42:55,19/02/2020,SP2,NO,NO,8
19/02/2020 15:43:10,19/02/2020,SP2,NO,NO,8
19/02/2020 15:43:22,19/02/2020,SP2,NO,NO,8
19/02/2020 15:43:30,19/02/2020,SP2,NO,NO,8
19/02/2020 15:43:36,19/02/2020,SP2,NO,NO,8
19/02/2020 15:43:42,19/02/2020,SP2,NO,NO,8
19/02/2020 15:44:01,19/02/2020,SP2,NO,NO,8
19/02/2020 15:44:19,19/02/2020,SP2,NO,NO,8
19/02/2020 15:44:25,19/02/2020,SP2,NO,NO,8
19/02/2020 15:44:37,19/02/2020,SP2,NO,NO,8
19/02/2020 15:44:46,19/02/2020,SP2,NO,NO,8
19/02/2020 15:45:05,19/02/2020,SP2,NO,NO,8
19/02/2020 15:45:15,19/02/2020,SP2,NO,NO,8
19/02/2020 15:45:22,19/02/2020,SP2,NO,NO,8
19/02/2020 15:45:36,19/02/2020,SP2,NO,NO,8
19/02/2020 15:45:42,19/02/2020,SP2,NO,NO,8
19/02/2020 15:45:52,19/02/2020,SP2,NO,NO,8
19/02/2020 15:45:58,19/02/2020,SP2,NO,NO,8
19/02/2020 15:46:13,19/02/2020,SP2,NO,NO,8
19/02/2020 15:46:19,19/02/2020,SP2,NO,NO,8
19/02/2020 15:46:29,19/02/2020,SP2,NO,NO,8
19/02/2020 15:46:35,19/02/2020,SP2,NO,NO,8
19/02/2020 15:46:46,19/02/2020,SP2,NO,NO,8
19/02/2020 15:46:51,19/02/2020,SP2,NO,NO,8
19/02/2020 15:47:06,19/02/2020,SP2,NO,NO,8
19/02/2020 15:47:17,19/02/2020,SP2,NO,NO,8
19/02/2020 15:47:23,19/02/2020,SP2,NO,NO,8
19/02/2020 15:47:36,19/02/2020,SP2,NO,NO,8
19/02/2020 15:47:42,19/02/2020,SP2,NO,NO,8
19/02/2020 15:47:51,19/02/2020,SP2,NO,NO,8
19/02/2020 15:47:56,19/02/2020,SP2,NO,NO,8
19/02/2020 15:48:02,19/02/2020,SP2,NO,NO,8
19/02/2020 15:48:15,19/02/2020,SP2,NO,NO,8
19/02/2020 15:48:21,19/02/2020,SP2,NO,NO,8
19/02/2020 15:48:34,19/02/2020,SP2,NO,NO,8
19/02/2020 15:48:51,19/02/2020,SP2,NO,NO,8
19/02/2020 15:48:56,19/02/2020,SP2,NO,NO,8
19/02/2020 15:49:08,19/02/2020,SP2,NO,NO,8
19/02/2020 15:49:25,19/02/2020,SP2,NO,NO,8
19/02/2020 15:49:30,19/02/2020,SP2,NO,NO,8
19/02/2020 15:49:43,19/02/2020,SP2,NO,NO,8
19/02/2020 15:49:49,19/02/2020,SP2,NO,NO,8
19/02/2020 15:50:05,19/02/2020,SP2,NO,NO,8
19/02/2020 15:50:11,19/02/2020,SP2,NO,NO,8
20/02/2020 09:10:20,20/02/2020,SP2,NO,NO,8
20/02/2020 09:10:28,20/02/2020,SP2,NO,NO,8
09/03/2020 13:53:43,09/03/2020,SP2,NO,NO,11
16/03/2020 08:36:57,16/03/2020,SP2,NO,NO,12
16/03/2020 08:37:14,16/03/2020,SP2,NO,NO,12
16/03/2020 08:37:21,16/03/2020,SP2,NO,NO,12
16/03/2020 08:37:28,16/03/2020,SP2,NO,NO,12
16/03/2020 08:37:35,16/03/2020,SP2,NO,NO,12
16/03/2020 08:37:41,16/03/2020,SP2,NO,NO,12
16/03/2020 08:37:51,16/03/2020,SP2,NO,NO,12
16/03/2020 08:37:58,16/03/2020,SP2,NO,NO,12
16/03/2020 12:08:05,16/03/2020,SP2,NO,NO,12
09/04/2020 08:16:16,09/04/2020,SP2,NO,NO,15
09/04/2020 08:16:22,09/04/2020,SP2,NO,NO,15
09/04/2020 08:16:29,09/04/2020,SP2,NO,NO,15
09/04/2020 08:16:35,09/04/2020,SP2,NO,NO,15
09/04/2020 08:16:42,09/04/2020,SP2,NO,NO,15
09/04/2020 08:16:48,09/04/2020,SP2,NO,NO,15
25/05/2020 18:51:47,25/05/2020,SP2,NO,NO,22
23/10/2019 13:52:36,23/10/2019,SP2,NO,NO,43
04/02/2020 06:58:01,04/02/2020,SP2,NO,NO,6
26/02/2020 09:46:06,26/02/2020,SP2,NO,NO,9
09/06/2020 20:34:06,09/06/2020,SP2,NO,NO,24
10/06/2020 09:19:47,10/06/2020,SP2,NO,NO,24
12/12/2019 02:38:24,12/12/2019,SP2,NO,NO,50
07/01/2020 06:50:48,07/01/2020,SP2,NO,NO,2
27/01/2020 17:32:24,27/01/2020,SP2,NO,YES,5
19/02/2020 12:08:45,19/02/2020,SP2,NO,NO,8
20/02/2020 15:45:15,20/02/2020,SP2,NO,NO,8
25/02/2020 02:29:48,25/02/2020,SP2,NO,NO,9
26/02/2020 02:17:15,26/02/2020,SP2,NO,NO,9
17/04/2020 15:43:19,17/04/2020,SP2,NO,NO,16
11/05/2020 13:49:32,11/05/2020,SP2,NO,NO,20
07/01/2020 22:41:07,07/01/2020,SP2,NO,NO,2
20/05/2020 10:16:31,20/05/2020,SP2,NO,NO,21
15/06/2020 14:14:28,15/06/2020,SP2,NO,NO,25
15/06/2020 14:16:58,15/06/2020,SP2,NO,NO,25
15/06/2020 14:23:50,15/06/2020,SP2,NO,NO,25
16/06/2020 13:07:50,16/06/2020,SP2,NO,NO,25
16/06/2020 13:09:52,16/06/2020,SP2,NO,NO,25
16/06/2020 13:10:08,16/06/2020,SP2,NO,NO,25
16/06/2020 13:11:16,16/06/2020,SP2,NO,NO,25
16/06/2020 13:14:12,16/06/2020,SP2,NO,NO,25
16/06/2020 13:14:28,16/06/2020,SP2,NO,NO,25
16/06/2020 13:16:39,16/06/2020,SP2,NO,NO,25
16/06/2020 13:17:28,16/06/2020,SP2,NO,NO,25
10/01/2020 10:24:38,10/01/2020,SP2,NO,NO,2
22/04/2020 21:21:29,22/04/2020,SP2,NO,NO,17
06/05/2020 14:53:20,06/05/2020,SP2,NO,NO,19
09/06/2020 09:46:44,09/06/2020,SP2,NO,NO,24
20/12/2019 13:44:57,20/12/2019,SP2,NO,NO,51
18/02/2020 12:43:00,18/02/2020,SP2,NO,NO,8
18/02/2020 17:06:50,18/02/2020,SP2,NO,NO,8
18/02/2020 17:06:57,18/02/2020,SP2,NO,NO,8
18/02/2020 17:07:04,18/02/2020,SP2,NO,NO,8
18/02/2020 17:07:11,18/02/2020,SP2,NO,NO,8
18/02/2020 17:07:19,18/02/2020,SP2,NO,NO,8
18/02/2020 17:07:27,18/02/2020,SP2,NO,NO,8
18/02/2020 17:07:34,18/02/2020,SP2,NO,NO,8
18/02/2020 17:07:41,18/02/2020,SP2,NO,NO,8
18/02/2020 17:07:48,18/02/2020,SP2,NO,NO,8
18/02/2020 17:07:55,18/02/2020,SP2,NO,NO,8
18/02/2020 17:08:01,18/02/2020,SP2,NO,NO,8
18/02/2020 17:08:08,18/02/2020,SP2,NO,NO,8
18/02/2020 17:08:16,18/02/2020,SP2,NO,NO,8
18/02/2020 17:08:22,18/02/2020,SP2,NO,NO,8
18/02/2020 17:08:29,18/02/2020,SP2,NO,NO,8
18/02/2020 17:08:37,18/02/2020,SP2,NO,NO,8
18/02/2020 17:08:43,18/02/2020,SP2,NO,NO,8
18/02/2020 17:08:50,18/02/2020,SP2,NO,NO,8
18/02/2020 17:10:42,18/02/2020,SP2,NO,NO,8
18/02/2020 17:10:49,18/02/2020,SP2,NO,NO,8
18/02/2020 17:10:56,18/02/2020,SP2,NO,NO,8
18/02/2020 17:11:02,18/02/2020,SP2,NO,NO,8
18/02/2020 17:11:12,18/02/2020,SP2,NO,NO,8
18/02/2020 17:11:19,18/02/2020,SP2,NO,NO,8
18/02/2020 17:11:26,18/02/2020,SP2,NO,NO,8
18/02/2020 17:11:33,18/02/2020,SP2,NO,NO,8
19/02/2020 16:26:16,19/02/2020,SP2,NO,NO,8
20/02/2020 18:18:10,20/02/2020,SP2,NO,NO,8
28/04/2020 10:40:20,28/04/2020,SP2,NO,NO,18
04/05/2020 13:01:12,04/05/2020,SP2,NO,NO,19
04/05/2020 13:01:20,04/05/2020,SP2,NO,NO,19
04/05/2020 13:03:09,04/05/2020,SP2,NO,NO,19
04/05/2020 13:03:16,04/05/2020,SP2,NO,NO,19
04/05/2020 13:03:23,04/05/2020,SP2,NO,NO,19
04/05/2020 13:03:30,04/05/2020,SP2,NO,NO,19
04/05/2020 13:03:38,04/05/2020,SP2,NO,NO,19
04/05/2020 13:03:45,04/05/2020,SP2,NO,NO,19
06/05/2020 12:50:38,06/05/2020,SP2,NO,NO,19
17/10/2019 11:18:04,17/10/2019,SP2,NO,NO,42
01/11/2019 08:55:27,01/11/2019,SP2,NO,NO,44
04/11/2019 09:33:19,04/11/2019,SP2,NO,NO,45
04/11/2019 11:14:38,04/11/2019,SP2,NO,NO,45
04/11/2019 13:15:31,04/11/2019,SP2,NO,NO,45
14/01/2020 11:11:48,14/01/2020,SP2,NO,NO,3
09/03/2020 09:59:19,09/03/2020,SP2,NO,NO,11
23/03/2020 10:36:51,23/03/2020,SP2,NO,NO,13
01/04/2020 15:45:02,01/04/2020,SP2,NO,NO,14
07/04/2020 15:15:48,07/04/2020,SP2,NO,NO,15
09/04/2020 10:48:41,09/04/2020,SP2,NO,NO,15
25/03/2020 07:55:44,25/03/2020,SP2,NO,NO,13
16/04/2020 16:06:48,16/04/2020,SP2,NO,NO,16
04/05/2020 12:22:30,04/05/2020,SP2,NO,NO,19
23/06/2020 13:16:54,23/06/2020,SP2,NO,NO,26
17/02/2020 18:14:13,17/02/2020,SP2,NO,NO,8
18/02/2020 10:22:08,18/02/2020,SP2,NO,NO,8
19/03/2020 17:43:47,19/03/2020,SP2,NO,NO,12
20/03/2020 11:27:08,20/03/2020,SP2,NO,NO,12
31/03/2020 19:15:02,31/03/2020,SP2,NO,NO,14
15/04/2020 11:00:01,15/04/2020,SP2,NO,NO,16
12/05/2020 16:10:46,12/05/2020,SP2,NO,NO,20
19/05/2020 06:41:38,19/05/2020,SP2,NO,NO,21
11/11/2019 09:15:55,11/11/2019,SP2,NO,NO,46
20/01/2020 08:20:30,20/01/2020,SP2,NO,NO,4
31/01/2020 16:31:33,31/01/2020,SP2,NO,YES,5
17/02/2020 11:12:21,17/02/2020,SP2,NO,NO,8
05/03/2020 13:30:41,05/03/2020,SP2,NO,NO,10
14/05/2020 17:06:36,14/05/2020,SP2,NO,NO,20
05/02/2020 12:42:55,05/02/2020,SP2,NO,NO,6
16/03/2020 12:14:31,16/03/2020,SP2,NO,NO,12
04/12/2019 11:45:00,04/12/2019,SP2,NO,NO,49
04/12/2019 17:09:09,04/12/2019,SP2,NO,NO,49
07/01/2020 15:02:17,07/01/2020,SP2,NO,NO,2
07/01/2020 15:09:23,07/01/2020,SP2,NO,NO,2
08/01/2020 15:11:28,08/01/2020,SP2,NO,NO,2
10/02/2020 09:38:56,10/02/2020,SP2,NO,NO,7
06/03/2020 18:12:41,06/03/2020,SP2,NO,NO,10
19/03/2020 17:05:29,19/03/2020,SP2,NO,NO,12
29/06/2020 11:33:30,29/06/2020,SP2,NO,NO,27
01/02/2020 18:15:09,01/02/2020,SP2,NO,YES,5
29/11/2019 08:40:23,29/11/2019,SP2,NO,NO,48
09/12/2019 11:09:23,09/12/2019,SP2,NO,NO,50
12/11/2019 10:19:41,12/11/2019,SP2,NO,NO,46
31/10/2019 06:27:55,31/10/2019,SP2,NO,NO,44
23/01/2020 13:11:10,23/01/2020,SP2,NO,NO,4
15/01/2020 08:13:24,15/01/2020,SP2,NO,NO,3
17/10/2019 13:53:21,17/10/2019,SP2,NO,NO,42
17/10/2019 20:25:50,17/10/2019,SP2,NO,NO,42
18/10/2019 12:12:25,18/10/2019,SP2,NO,NO,42
18/10/2019 12:37:14,18/10/2019,SP2,NO,NO,42
19/12/2019 14:02:03,19/12/2019,SP2,NO,NO,51
04/03/2020 05:49:54,04/03/2020,SP2,NO,NO,10
26/03/2020 12:10:32,26/03/2020,SP2,NO,NO,13
29/04/2020 07:14:57,29/04/2020,SP2,NO,NO,18
11/06/2020 13:46:46,11/06/2020,SP2,NO,NO,24
17/06/2020 05:41:46,17/06/2020,SP2,NO,NO,25
29/10/2019 14:46:45,29/10/2019,SP2,NO,NO,44
29/01/2020 14:37:53,29/01/2020,SP2,NO,YES,5
02/03/2020 08:55:20,02/03/2020,SP2,NO,NO,10
24/03/2020 07:55:44,24/03/2020,SP2,NO,NO,13
09/04/2020 08:27:23,09/04/2020,SP2,NO,NO,15
30/04/2020 02:45:20,30/04/2020,SP2,NO,NO,18
15/05/2020 04:42:09,15/05/2020,SP2,NO,NO,20
02/06/2020 08:26:18,02/06/2020,SP2,NO,NO,23
10/12/2019 18:42:09,10/12/2019,SP2,NO,NO,50
15/01/2020 09:38:55,15/01/2020,SP2,NO,NO,3
19/03/2020 19:19:19,19/03/2020,SP2,NO,NO,12
18/12/2019 11:29:31,18/12/2019,SP2,NO,NO,51
04/03/2020 13:31:07,04/03/2020,SP2,NO,NO,10
25/03/2020 13:20:27,25/03/2020,SP2,NO,NO,13
15/04/2020 08:28:08,15/04/2020,SP2,NO,NO,16
12/12/2019 11:40:23,12/12/2019,SP2,NO,NO,50
21/01/2020 08:20:39,21/01/2020,SP2,NO,NO,4
30/09/2019 13:15:00,30/09/2019,SP2,NO,NO,40
16/10/2019 11:50:23,16/10/2019,SP2,NO,NO,42
26/11/2019 08:42:02,26/11/2019,SP2,NO,NO,48
12/12/2019 15:50:00,12/12/2019,SP2,NO,NO,50
19/12/2019 10:29:44,19/12/2019,SP2,NO,NO,51
19/12/2019 10:34:09,19/12/2019,SP2,NO,NO,51
22/01/2020 08:46:04,22/01/2020,SP2,NO,NO,4
22/01/2020 16:29:17,22/01/2020,SP2,NO,NO,4
21/02/2020 01:08:17,21/02/2020,SP2,NO,NO,8
02/03/2020 14:55:20,02/03/2020,SP2,NO,NO,10
19/03/2020 15:49:32,19/03/2020,SP2,NO,NO,12
20/03/2020 13:30:24,20/03/2020,SP2,NO,NO,12
02/04/2020 15:15:39,02/04/2020,SP2,NO,NO,14
06/04/2020 13:59:14,06/04/2020,SP2,NO,NO,15
05/05/2020 09:16:02,05/05/2020,SP2,NO,NO,19
22/06/2020 15:26:45,22/06/2020,SP2,NO,NO,26
05/12/2019 07:31:55,05/12/2019,SP2,NO,NO,49
05/12/2019 09:03:16,05/12/2019,SP2,NO,NO,49
05/03/2020 11:58:43,05/03/2020,SP2,NO,NO,10
05/03/2020 12:01:07,05/03/2020,SP2,NO,NO,10
06/03/2020 03:37:19,06/03/2020,SP2,NO,NO,10
20/03/2020 07:35:35,20/03/2020,SP2,NO,NO,12
20/03/2020 07:38:32,20/03/2020,SP2,NO,NO,12
06/04/2020 18:58:30,06/04/2020,SP2,NO,NO,15
15/01/2020 09:43:20,15/01/2020,SP2,NO,NO,3
20/03/2020 16:51:41,20/03/2020,SP2,NO,NO,12
27/03/2020 07:30:59,27/03/2020,SP2,NO,NO,13
16/03/2020 12:44:05,16/03/2020,SP2,NO,NO,12
06/12/2019 09:18:26,06/12/2019,SP2,NO,NO,49
15/11/2019 17:31:16,15/11/2019,SP2,NO,NO,46
06/03/2020 10:40:23,06/03/2020,SP2,NO,NO,10
08/06/2020 07:42:18,08/06/2020,SP2,NO,NO,24
08/06/2020 07:45:25,08/06/2020,SP2,NO,NO,24
08/06/2020 07:46:10,08/06/2020,SP2,NO,NO,24
08/06/2020 07:48:03,08/06/2020,SP2,NO,NO,24
08/06/2020 07:49:22,08/06/2020,SP2,NO,NO,24
08/06/2020 07:50:47,08/06/2020,SP2,NO,NO,24
08/06/2020 07:52:17,08/06/2020,SP2,NO,NO,24
08/06/2020 07:54:04,08/06/2020,SP2,NO,NO,24
08/06/2020 07:55:29,08/06/2020,SP2,NO,NO,24
08/06/2020 07:58:17,08/06/2020,SP2,NO,NO,24
08/06/2020 07:59:34,08/06/2020,SP2,NO,NO,24
11/11/2019 15:45:31,11/11/2019,SP2,NO,NO,46
06/04/2020 06:17:09,06/04/2020,SP2,NO,NO,15
26/02/2020 02:08:57,26/02/2020,SP2,NO,NO,9
25/02/2020 10:20:59,25/02/2020,SP2,NO,NO,9
09/03/2020 20:28:30,09/03/2020,SP2,NO,NO,11
09/03/2020 20:31:39,09/03/2020,SP2,NO,NO,11
09/03/2020 20:34:02,09/03/2020,SP2,NO,NO,11
09/03/2020 20:37:59,09/03/2020,SP2,NO,NO,11
09/03/2020 20:39:46,09/03/2020,SP2,NO,NO,11
09/03/2020 21:00:14,09/03/2020,SP2,NO,NO,11
09/03/2020 21:02:38,09/03/2020,SP2,NO,NO,11
09/03/2020 21:03:55,09/03/2020,SP2,NO,NO,11
09/03/2020 21:05:54,09/03/2020,SP2,NO,NO,11
09/03/2020 21:07:44,09/03/2020,SP2,NO,NO,11
09/03/2020 21:08:58,09/03/2020,SP2,NO,NO,11
09/03/2020 21:10:22,09/03/2020,SP2,NO,NO,11
09/03/2020 21:46:54,09/03/2020,SP2,NO,NO,11
09/03/2020 22:02:06,09/03/2020,SP2,NO,NO,11
09/03/2020 22:07:17,09/03/2020,SP2,NO,NO,11
09/03/2020 22:19:19,09/03/2020,SP2,NO,NO,11
09/03/2020 22:20:54,09/03/2020,SP2,NO,NO,11
09/03/2020 22:23:17,09/03/2020,SP2,NO,NO,11
09/03/2020 22:33:10,09/03/2020,SP2,NO,NO,11
09/03/2020 22:38:07,09/03/2020,SP2,NO,NO,11
09/03/2020 22:46:54,09/03/2020,SP2,NO,NO,11
09/03/2020 22:51:12,09/03/2020,SP2,NO,NO,11
09/03/2020 22:54:06,09/03/2020,SP2,NO,NO,11
09/03/2020 23:01:51,09/03/2020,SP2,NO,NO,11
09/03/2020 23:52:05,09/03/2020,SP2,NO,NO,11
09/03/2020 23:54:35,09/03/2020,SP2,NO,NO,11
10/03/2020 10:02:53,10/03/2020,SP2,NO,NO,11
10/03/2020 10:56:55,10/03/2020,SP2,NO,NO,11
10/03/2020 11:07:29,10/03/2020,SP2,NO,NO,11
15/05/2020 06:54:39,15/05/2020,SP2,NO,NO,20
25/05/2020 09:37:58,25/05/2020,SP2,NO,NO,22
24/04/2020 08:58:32,24/04/2020,SP2,NO,NO,17
25/05/2020 18:49:48,25/05/2020,SP2,NO,NO,22
25/05/2020 18:50:03,25/05/2020,SP2,NO,NO,22
25/05/2020 18:50:19,25/05/2020,SP2,NO,NO,22
25/05/2020 18:50:34,25/05/2020,SP2,NO,NO,22
25/05/2020 18:50:49,25/05/2020,SP2,NO,NO,22
25/05/2020 18:51:03,25/05/2020,SP2,NO,NO,22
25/05/2020 18:51:18,25/05/2020,SP2,NO,NO,22
25/05/2020 18:51:33,25/05/2020,SP2,NO,NO,22
26/02/2020 02:21:26,26/02/2020,SP2,NO,NO,9
03/06/2020 03:50:56,03/06/2020,SP2,NO,NO,23
04/12/2019 08:11:28,04/12/2019,SP2,NO,NO,49
23/03/2020 08:46:10,23/03/2020,SP2,NO,NO,13
23/01/2020 19:00:50,23/01/2020,SP2,NO,NO,4
18/10/2019 09:29:52,18/10/2019,SP2,NO,NO,42
18/05/2020 11:15:02,18/05/2020,SP2,NO,NO,21
27/12/2019 18:42:58,27/12/2019,SP2,YES,NO,52
27/12/2019 21:29:42,27/12/2019,SP2,YES,NO,52
27/06/2020 21:19:04,27/06/2020,SP2,NO,NO,26
10/06/2020 09:10:33,10/06/2020,SP2,NO,NO,24
06/11/2019 14:58:56,06/11/2019,SP2,NO,NO,45
03/12/2019 14:07:41,03/12/2019,SP2,NO,NO,49
04/12/2019 09:26:09,04/12/2019,SP2,NO,NO,49
04/12/2019 09:29:00,04/12/2019,SP2,NO,NO,49
04/12/2019 09:36:29,04/12/2019,SP2,NO,NO,49
04/12/2019 09:37:38,04/12/2019,SP2,NO,NO,49
04/12/2019 09:39:22,04/12/2019,SP2,NO,NO,49
04/12/2019 09:39:48,04/12/2019,SP2,NO,NO,49
04/12/2019 09:40:05,04/12/2019,SP2,NO,NO,49
04/12/2019 09:41:00,04/12/2019,SP2,NO,NO,49
04/12/2019 09:42:58,04/12/2019,SP2,NO,NO,49
04/12/2019 10:16:18,04/12/2019,SP2,NO,NO,49
04/12/2019 17:39:55,04/12/2019,SP2,NO,NO,49
04/12/2019 17:42:10,04/12/2019,SP2,NO,NO,49
04/12/2019 17:44:00,04/12/2019,SP2,NO,NO,49
04/12/2019 17:45:15,04/12/2019,SP2,NO,NO,49
04/12/2019 17:46:50,04/12/2019,SP2,NO,NO,49
04/12/2019 17:49:03,04/12/2019,SP2,NO,NO,49
04/12/2019 17:50:16,04/12/2019,SP2,NO,NO,49
17/02/2020 12:29:33,17/02/2020,SP2,NO,NO,8
17/02/2020 12:32:29,17/02/2020,SP2,NO,NO,8
17/02/2020 12:32:51,17/02/2020,SP2,NO,NO,8
17/02/2020 12:33:21,17/02/2020,SP2,NO,NO,8
17/02/2020 12:34:46,17/02/2020,SP2,NO,NO,8
17/02/2020 12:39:05,17/02/2020,SP2,NO,NO,8
17/02/2020 12:39:45,17/02/2020,SP2,NO,NO,8
17/02/2020 12:40:07,17/02/2020,SP2,NO,NO,8
17/02/2020 12:41:01,17/02/2020,SP2,NO,NO,8
17/02/2020 12:43:28,17/02/2020,SP2,NO,NO,8
17/02/2020 12:43:51,17/02/2020,SP2,NO,NO,8
17/02/2020 12:44:21,17/02/2020,SP2,NO,NO,8
17/02/2020 12:45:26,17/02/2020,SP2,NO,NO,8
17/02/2020 12:46:32,17/02/2020,SP2,NO,NO,8
17/02/2020 12:47:03,17/02/2020,SP2,NO,NO,8
17/02/2020 12:48:16,17/02/2020,SP2,NO,NO,8
17/02/2020 12:49:35,17/02/2020,SP2,NO,NO,8
17/02/2020 12:50:10,17/02/2020,SP2,NO,NO,8
17/02/2020 12:50:31,17/02/2020,SP2,NO,NO,8
17/02/2020 12:51:36,17/02/2020,SP2,NO,NO,8
17/02/2020 12:52:45,17/02/2020,SP2,NO,NO,8
17/02/2020 12:54:08,17/02/2020,SP2,NO,NO,8
17/02/2020 12:54:31,17/02/2020,SP2,NO,NO,8
17/02/2020 12:56:34,17/02/2020,SP2,NO,NO,8
17/02/2020 12:57:00,17/02/2020,SP2,NO,NO,8
17/02/2020 12:59:12,17/02/2020,SP2,NO,NO,8
17/02/2020 12:59:48,17/02/2020,SP2,NO,NO,8
17/02/2020 13:00:08,17/02/2020,SP2,NO,NO,8
17/02/2020 17:16:45,17/02/2020,SP2,NO,NO,8
19/02/2020 09:35:23,19/02/2020,SP2,NO,NO,8
19/02/2020 10:24:56,19/02/2020,SP2,NO,NO,8
19/02/2020 10:26:28,19/02/2020,SP2,NO,NO,8
17/03/2020 16:07:16,17/03/2020,SP2,NO,NO,12
17/03/2020 16:09:52,17/03/2020,SP2,NO,NO,12
17/03/2020 16:10:25,17/03/2020,SP2,NO,NO,12
17/03/2020 16:10:51,17/03/2020,SP2,NO,NO,12
17/03/2020 16:11:17,17/03/2020,SP2,NO,NO,12
17/03/2020 16:12:39,17/03/2020,SP2,NO,NO,12
17/03/2020 16:13:38,17/03/2020,SP2,NO,NO,12
17/03/2020 16:15:09,17/03/2020,SP2,NO,NO,12
17/03/2020 16:15:34,17/03/2020,SP2,NO,NO,12
17/03/2020 16:22:37,17/03/2020,SP2,NO,NO,12
17/03/2020 16:23:16,17/03/2020,SP2,NO,NO,12
17/03/2020 16:23:44,17/03/2020,SP2,NO,NO,12
17/03/2020 16:24:28,17/03/2020,SP2,NO,NO,12
17/03/2020 16:26:02,17/03/2020,SP2,NO,NO,12
17/03/2020 16:27:43,17/03/2020,SP2,NO,NO,12
17/03/2020 16:28:44,17/03/2020,SP2,NO,NO,12
18/03/2020 09:17:11,18/03/2020,SP2,NO,NO,12
06/04/2020 17:10:32,06/04/2020,SP2,NO,NO,15
06/04/2020 17:12:33,06/04/2020,SP2,NO,NO,15
06/04/2020 17:15:04,06/04/2020,SP2,NO,NO,15
06/04/2020 17:16:31,06/04/2020,SP2,NO,NO,15
06/04/2020 17:23:50,06/04/2020,SP2,NO,NO,15
06/04/2020 17:24:54,06/04/2020,SP2,NO,NO,15
06/04/2020 17:27:07,06/04/2020,SP2,NO,NO,15
06/04/2020 17:29:35,06/04/2020,SP2,NO,NO,15
18/05/2020 11:53:45,18/05/2020,SP2,NO,NO,21
18/05/2020 11:55:51,18/05/2020,SP2,NO,NO,21
18/05/2020 11:56:32,18/05/2020,SP2,NO,NO,21
18/05/2020 11:57:58,18/05/2020,SP2,NO,NO,21
18/05/2020 12:49:48,18/05/2020,SP2,NO,NO,21
18/05/2020 12:50:31,18/05/2020,SP2,NO,NO,21
18/05/2020 12:51:49,18/05/2020,SP2,NO,NO,21
18/05/2020 12:52:47,18/05/2020,SP2,NO,NO,21
18/05/2020 13:05:04,18/05/2020,SP2,NO,NO,21
18/05/2020 13:09:22,18/05/2020,SP2,NO,NO,21
06/01/2020 13:09:54,06/01/2020,SP2,NO,NO,2
06/01/2020 13:10:00,06/01/2020,SP2,NO,NO,2
06/01/2020 13:10:10,06/01/2020,SP2,NO,NO,2
06/01/2020 13:10:16,06/01/2020,SP2,NO,NO,2
06/01/2020 13:10:25,06/01/2020,SP2,NO,NO,2
06/01/2020 13:10:32,06/01/2020,SP2,NO,NO,2
06/01/2020 13:10:41,06/01/2020,SP2,NO,NO,2
06/01/2020 13:10:47,06/01/2020,SP2,NO,NO,2
06/01/2020 13:10:56,06/01/2020,SP2,NO,NO,2
07/01/2020 16:03:42,07/01/2020,SP2,NO,NO,2
02/06/2020 12:18:29,02/06/2020,SP2,NO,NO,23
02/06/2020 12:18:46,02/06/2020,SP2,NO,NO,23
07/08/2019 20:45:58,07/08/2019,SP2,NO,NO,32
25/09/2019 06:27:53,25/09/2019,SP2,NO,NO,39
03/10/2019 08:59:34,03/10/2019,SP2,NO,NO,40
03/10/2019 09:13:06,03/10/2019,SP2,NO,NO,40
14/11/2019 13:10:23,14/11/2019,SP2,NO,NO,46
09/12/2019 09:14:11,09/12/2019,SP2,NO,NO,50
08/01/2020 19:35:02,08/01/2020,SP2,NO,NO,2
14/01/2020 08:28:18,14/01/2020,SP2,NO,NO,3
14/01/2020 09:10:59,14/01/2020,SP2,NO,NO,3
21/01/2020 13:11:44,21/01/2020,SP2,NO,NO,4
21/01/2020 13:30:41,21/01/2020,SP2,NO,NO,4
23/01/2020 20:55:48,23/01/2020,SP2,NO,NO,4
11/03/2020 15:19:14,11/03/2020,SP2,NO,NO,11
09/04/2020 10:05:30,09/04/2020,SP2,NO,NO,15
16/04/2020 16:21:35,16/04/2020,SP2,NO,NO,16
29/04/2020 09:33:33,29/04/2020,SP2,NO,NO,18
16/05/2020 16:57:52,16/05/2020,SP2,NO,NO,20
16/05/2020 16:58:10,16/05/2020,SP2,NO,NO,20
16/05/2020 16:58:28,16/05/2020,SP2,NO,NO,20
16/05/2020 16:58:46,16/05/2020,SP2,NO,NO,20
16/05/2020 16:59:05,16/05/2020,SP2,NO,NO,20
16/05/2020 16:59:23,16/05/2020,SP2,NO,NO,20
16/05/2020 16:59:41,16/05/2020,SP2,NO,NO,20
16/05/2020 16:59:59,16/05/2020,SP2,NO,NO,20
16/05/2020 17:00:18,16/05/2020,SP2,NO,NO,20
16/05/2020 17:00:36,16/05/2020,SP2,NO,NO,20
16/05/2020 17:00:55,16/05/2020,SP2,NO,NO,20
16/05/2020 17:01:13,16/05/2020,SP2,NO,NO,20
16/05/2020 17:01:31,16/05/2020,SP2,NO,NO,20
16/05/2020 17:01:49,16/05/2020,SP2,NO,NO,20
16/05/2020 17:02:08,16/05/2020,SP2,NO,NO,20
16/05/2020 17:02:26,16/05/2020,SP2,NO,NO,20
16/05/2020 17:02:44,16/05/2020,SP2,NO,NO,20
16/05/2020 17:03:02,16/05/2020,SP2,NO,NO,20
16/05/2020 17:03:20,16/05/2020,SP2,NO,NO,20
16/05/2020 17:03:38,16/05/2020,SP2,NO,NO,20
16/05/2020 17:03:56,16/05/2020,SP2,NO,NO,20
16/05/2020 17:04:14,16/05/2020,SP2,NO,NO,20
16/05/2020 17:04:32,16/05/2020,SP2,NO,NO,20
16/05/2020 17:04:50,16/05/2020,SP2,NO,NO,20
16/05/2020 17:05:08,16/05/2020,SP2,NO,NO,20
16/05/2020 17:05:26,16/05/2020,SP2,NO,NO,20
16/05/2020 17:05:44,16/05/2020,SP2,NO,NO,20
07/05/2020 15:30:55,07/05/2020,SP2,NO,NO,19
07/05/2020 15:32:01,07/05/2020,SP2,NO,NO,19
07/05/2020 15:32:27,07/05/2020,SP2,NO,NO,19
07/10/2019 12:25:23,07/10/2019,SP2,NO,NO,41
03/12/2019 11:39:55,03/12/2019,SP2,NO,NO,49
09/12/2019 15:41:01,09/12/2019,SP2,NO,NO,50
07/01/2020 09:58:40,07/01/2020,SP2,NO,NO,2
07/01/2020 10:02:36,07/01/2020,SP2,NO,NO,2
07/01/2020 11:15:17,07/01/2020,SP2,NO,NO,2
07/01/2020 11:31:37,07/01/2020,SP2,NO,NO,2
13/01/2020 15:59:01,13/01/2020,SP2,NO,NO,3
18/02/2020 15:29:19,18/02/2020,SP2,NO,NO,8
18/02/2020 16:04:20,18/02/2020,SP2,NO,NO,8
18/02/2020 16:04:27,18/02/2020,SP2,NO,NO,8
18/02/2020 16:04:34,18/02/2020,SP2,NO,NO,8
18/02/2020 16:04:40,18/02/2020,SP2,NO,NO,8
18/02/2020 16:04:47,18/02/2020,SP2,NO,NO,8
18/02/2020 16:04:53,18/02/2020,SP2,NO,NO,8
18/02/2020 16:05:00,18/02/2020,SP2,NO,NO,8
18/02/2020 16:05:06,18/02/2020,SP2,NO,NO,8
18/02/2020 16:05:13,18/02/2020,SP2,NO,NO,8
18/02/2020 16:05:19,18/02/2020,SP2,NO,NO,8
18/02/2020 16:05:25,18/02/2020,SP2,NO,NO,8
18/02/2020 16:05:32,18/02/2020,SP2,NO,NO,8
18/02/2020 16:05:38,18/02/2020,SP2,NO,NO,8
18/02/2020 16:05:44,18/02/2020,SP2,NO,NO,8
18/02/2020 16:05:51,18/02/2020,SP2,NO,NO,8
18/02/2020 16:05:57,18/02/2020,SP2,NO,NO,8
18/02/2020 16:06:03,18/02/2020,SP2,NO,NO,8
18/02/2020 16:06:10,18/02/2020,SP2,NO,NO,8
18/02/2020 16:06:16,18/02/2020,SP2,NO,NO,8
18/02/2020 16:06:22,18/02/2020,SP2,NO,NO,8
18/02/2020 16:06:29,18/02/2020,SP2,NO,NO,8
18/02/2020 16:06:35,18/02/2020,SP2,NO,NO,8
18/02/2020 16:06:41,18/02/2020,SP2,NO,NO,8
18/02/2020 16:06:48,18/02/2020,SP2,NO,NO,8
18/02/2020 16:06:54,18/02/2020,SP2,NO,NO,8
18/02/2020 16:07:01,18/02/2020,SP2,NO,NO,8
18/02/2020 16:07:08,18/02/2020,SP2,NO,NO,8
18/02/2020 16:07:16,18/02/2020,SP2,NO,NO,8
18/02/2020 16:07:22,18/02/2020,SP2,NO,NO,8
18/02/2020 16:07:29,18/02/2020,SP2,NO,NO,8
18/02/2020 16:07:35,18/02/2020,SP2,NO,NO,8
18/02/2020 16:07:42,18/02/2020,SP2,NO,NO,8
18/02/2020 16:07:48,18/02/2020,SP2,NO,NO,8
18/02/2020 16:07:54,18/02/2020,SP2,NO,NO,8
18/02/2020 16:08:01,18/02/2020,SP2,NO,NO,8
18/02/2020 16:08:07,18/02/2020,SP2,NO,NO,8
18/02/2020 16:08:14,18/02/2020,SP2,NO,NO,8
18/02/2020 16:08:20,18/02/2020,SP2,NO,NO,8
18/02/2020 16:08:26,18/02/2020,SP2,NO,NO,8
18/02/2020 16:08:33,18/02/2020,SP2,NO,NO,8
18/02/2020 16:08:39,18/02/2020,SP2,NO,NO,8
19/02/2020 08:55:17,19/02/2020,SP2,NO,NO,8
19/02/2020 09:11:28,19/02/2020,SP2,NO,NO,8
20/02/2020 10:37:12,20/02/2020,SP2,NO,NO,8
15/05/2020 15:05:24,15/05/2020,SP2,NO,NO,20
06/08/2019 09:09:44,06/08/2019,SP2,NO,NO,32
08/08/2019 19:43:08,08/08/2019,SP2,NO,NO,32
25/08/2019 18:08:53,25/08/2019,SP2,NO,NO,35
15/04/2020 09:22:45,15/04/2020,SP2,NO,NO,16
07/01/2020 14:47:50,07/01/2020,SP2,NO,NO,2
07/08/2019 14:11:46,07/08/2019,SP2,NO,NO,32
21/10/2019 12:10:37,21/10/2019,SP2,NO,NO,43
24/02/2020 12:54:54,24/02/2020,SP2,NO,NO,9
26/05/2020 08:22:39,26/05/2020,SP2,NO,NO,22
26/05/2020 09:36:12,26/05/2020,SP2,NO,NO,22
01/06/2020 12:12:40,01/06/2020,SP2,NO,NO,23
07/08/2019 14:06:18,07/08/2019,SP2,NO,NO,32
07/08/2019 14:19:56,07/08/2019,SP2,NO,NO,32
22/10/2019 17:31:14,22/10/2019,SP2,NO,NO,43
04/06/2020 15:02:54,04/06/2020,SP2,NO,NO,23
10/01/2020 07:40:17,10/01/2020,SP2,NO,NO,2
21/01/2020 08:30:54,21/01/2020,SP2,NO,NO,4
04/04/2019 07:32:51,04/04/2019,SP1,NO,NO,14
11/02/2019 17:04:38,11/02/2019,SP1,NO,NO,7
12/02/2019 16:00:19,12/02/2019,SP1,NO,NO,7
08/04/2019 13:12:55,08/04/2019,SP1,NO,NO,15
07/06/2019 10:06:41,07/06/2019,SP1,NO,NO,23
01/04/2019 14:13:00,01/04/2019,SP1,NO,NO,14
14/11/2018 15:48:06,14/11/2018,SP1,NO,NO,46
04/03/2019 08:40:27,04/03/2019,SP1,NO,NO,10
13/02/2019 12:00:37,13/02/2019,SP1,NO,NO,7
15/04/2019 06:10:57,15/04/2019,SP1,NO,NO,16
23/01/2019 10:10:44,23/01/2019,SP1,NO,NO,4
16/01/2019 10:34:59,16/01/2019,SP1,NO,NO,3
12/12/2018 08:32:30,12/12/2018,SP1,NO,NO,50
11/12/2018 10:09:39,11/12/2018,SP1,NO,NO,50
16/04/2019 08:52:47,16/04/2019,SP1,NO,NO,16
09/04/2019 00:31:22,09/04/2019,SP1,NO,NO,15
21/12/2018 07:45:59,21/12/2018,SP1,NO,NO,51
18/01/2019 10:37:04,18/01/2019,SP1,NO,NO,3
22/02/2019 10:49:01,22/02/2019,SP1,NO,NO,8
29/05/2019 07:06:10,29/05/2019,SP1,NO,NO,22
26/06/2019 05:40:36,26/06/2019,SP1,NO,NO,26
11/10/2018 17:11:46,11/10/2018,SP1,NO,NO,41
06/02/2019 08:50:11,06/02/2019,SP1,NO,YES,6
21/12/2018 07:22:06,21/12/2018,SP1,NO,NO,51
17/05/2019 11:25:26,17/05/2019,SP1,NO,NO,20
21/12/2018 07:10:33,21/12/2018,SP1,NO,NO,51
17/01/2019 09:23:04,17/01/2019,SP1,NO,NO,3
30/01/2019 10:21:35,30/01/2019,SP1,NO,NO,5
17/05/2019 02:20:40,17/05/2019,SP1,NO,NO,20
17/05/2019 10:40:30,17/05/2019,SP1,NO,NO,20
20/06/2018 12:25:17,20/06/2018,SP1,NO,NO,25
01/03/2019 13:50:24,01/03/2019,SP1,NO,NO,9
01/03/2019 17:30:45,01/03/2019,SP1,NO,NO,9
01/03/2019 18:00:32,01/03/2019,SP1,NO,NO,9
05/02/2019 08:40:35,05/02/2019,SP1,NO,YES,6
29/01/2019 08:00:18,29/01/2019,SP1,NO,NO,5
19/04/2019 22:05:03,19/04/2019,SP1,NO,NO,16
03/12/2018 13:18:54,03/12/2018,SP1,NO,NO,49
12/12/2018 13:23:32,12/12/2018,SP1,NO,NO,50
19/12/2018 13:05:10,19/12/2018,SP1,NO,NO,51
22/01/2019 11:06:06,22/01/2019,SP1,NO,NO,4
25/01/2019 23:32:43,25/01/2019,SP1,NO,NO,4
31/01/2019 14:41:14,31/01/2019,SP1,NO,NO,5
06/02/2019 21:52:28,06/02/2019,SP1,NO,YES,6
08/02/2019 00:19:00,08/02/2019,SP1,NO,YES,6
22/02/2019 18:08:41,22/02/2019,SP1,NO,NO,8
12/03/2019 19:25:39,12/03/2019,SP1,NO,NO,11
27/03/2019 11:48:50,27/03/2019,SP1,NO,NO,13
29/03/2019 09:05:24,29/03/2019,SP1,NO,NO,13
02/04/2019 06:46:49,02/04/2019,SP1,NO,NO,14
06/05/2019 19:50:27,06/05/2019,SP1,NO,NO,19
17/05/2019 04:08:05,17/05/2019,SP1,NO,NO,20
17/05/2019 10:44:06,17/05/2019,SP1,NO,NO,20
28/06/2019 16:10:46,28/06/2019,SP1,NO,NO,26
21/11/2018 17:48:43,21/11/2018,SP1,NO,NO,47
21/09/2018 07:33:45,21/09/2018,SP1,NO,NO,38
08/02/2019 09:20:44,08/02/2019,SP1,NO,YES,6
05/04/2019 11:11:19,05/04/2019,SP1,NO,NO,14
25/02/2019 08:30:26,25/02/2019,SP1,NO,NO,9
27/03/2019 05:50:22,27/03/2019,SP1,NO,NO,13
05/06/2019 17:06:39,05/06/2019,SP1,NO,NO,23
09/01/2019 17:47:59,09/01/2019,SP1,NO,NO,2
18/03/2019 08:10:28,18/03/2019,SP1,NO,NO,12
04/06/2019 11:42:29,04/06/2019,SP1,NO,NO,23
30/01/2019 11:09:28,30/01/2019,SP1,NO,NO,5
25/01/2019 17:40:55,25/01/2019,SP1,NO,NO,4
21/03/2019 21:00:25,21/03/2019,SP1,NO,NO,12
23/05/2019 09:09:14,23/05/2019,SP1,NO,NO,21
19/03/2019 06:53:17,19/03/2019,SP1,NO,NO,12
24/01/2019 21:25:09,24/01/2019,SP1,NO,NO,4
01/04/2019 18:23:38,01/04/2019,SP1,NO,NO,14
22/04/2019 10:17:08,22/04/2019,SP1,NO,NO,17
12/06/2019 12:23:47,12/06/2019,SP1,NO,NO,24
22/10/2018 07:38:57,22/10/2018,SP1,NO,NO,43
02/01/2019 10:06:44,02/01/2019,SP1,YES,NO,1
24/01/2019 06:44:20,24/01/2019,SP1,NO,NO,4
07/03/2019 11:15:40,07/03/2019,SP1,NO,NO,10
07/03/2019 11:20:31,07/03/2019,SP1,NO,NO,10
15/03/2019 09:21:46,15/03/2019,SP1,NO,NO,11
10/04/2019 10:53:16,10/04/2019,SP1,NO,NO,15
23/04/2019 10:35:08,23/04/2019,SP1,NO,NO,17
26/04/2019 07:20:37,26/04/2019,SP1,NO,NO,17
16/05/2019 08:08:32,16/05/2019,SP1,NO,NO,20
17/05/2019 11:25:10,17/05/2019,SP1,NO,NO,20
23/05/2019 11:20:40,23/05/2019,SP1,NO,NO,21
04/06/2019 10:51:57,04/06/2019,SP1,NO,NO,23
24/06/2019 12:32:30,24/06/2019,SP1,NO,NO,26
24/01/2019 00:14:22,24/01/2019,SP1,NO,NO,4
28/02/2019 12:36:48,28/02/2019,SP1,NO,NO,9
05/03/2019 12:23:45,05/03/2019,SP1,NO,NO,10
18/02/2019 15:29:05,18/02/2019,SP1,NO,NO,8
18/02/2019 15:29:28,18/02/2019,SP1,NO,NO,8
18/02/2019 15:29:48,18/02/2019,SP1,NO,NO,8
10/05/2019 14:34:14,10/05/2019,SP1,NO,NO,19
20/11/2018 09:00:55,20/11/2018,SP1,NO,NO,47
14/12/2018 15:00:11,14/12/2018,SP1,NO,NO,50
15/01/2019 13:00:24,15/01/2019,SP1,NO,NO,3
05/04/2019 04:38:28,05/04/2019,SP1,NO,NO,14
30/08/2018 15:14:57,30/08/2018,SP1,NO,NO,35
22/02/2019 01:18:51,22/02/2019,SP1,NO,NO,8
13/02/2019 07:43:10,13/02/2019,SP1,NO,NO,7
15/03/2019 22:37:50,15/03/2019,SP1,NO,NO,11
11/01/2019 10:40:31,11/01/2019,SP1,NO,NO,2
27/02/2019 09:32:44,27/02/2019,SP1,NO,NO,9
07/01/2019 16:10:23,07/01/2019,SP1,NO,NO,2
04/02/2019 13:53:59,04/02/2019,SP1,NO,YES,6
20/03/2019 13:30:40,20/03/2019,SP1,NO,NO,12
01/04/2019 08:20:47,01/04/2019,SP1,NO,NO,14
02/04/2019 16:10:25,02/04/2019,SP1,NO,NO,14
15/04/2019 20:50:32,15/04/2019,SP1,NO,NO,16
20/12/2018 09:38:37,20/12/2018,SP1,NO,NO,51
17/05/2019 11:25:12,17/05/2019,SP1,NO,NO,20
17/05/2019 11:25:17,17/05/2019,SP1,NO,NO,20
01/08/2018 23:12:51,01/08/2018,SP1,NO,NO,31
02/08/2018 10:51:02,02/08/2018,SP1,NO,NO,31
26/06/2019 21:00:49,26/06/2019,SP1,NO,NO,26
20/11/2018 16:12:02,20/11/2018,SP1,NO,NO,47
21/11/2018 09:39:16,21/11/2018,SP1,NO,NO,47
26/02/2019 12:18:40,26/02/2019,SP1,NO,NO,9
22/04/2019 20:35:04,22/04/2019,SP1,NO,NO,17
22/05/2019 06:10:55,22/05/2019,SP1,NO,NO,21
31/05/2019 05:54:40,31/05/2019,SP1,NO,NO,22
29/08/2018 17:55:53,29/08/2018,SP1,NO,NO,35
26/10/2018 10:01:23,26/10/2018,SP1,NO,NO,43
26/10/2018 10:01:52,26/10/2018,SP1,NO,NO,43
26/10/2018 11:31:00,26/10/2018,SP1,NO,NO,43
26/10/2018 12:10:58,26/10/2018,SP1,NO,NO,43
26/10/2018 12:20:59,26/10/2018,SP1,NO,NO,43
13/12/2018 14:25:57,13/12/2018,SP1,NO,NO,50
01/02/2019 05:08:25,01/02/2019,SP1,NO,NO,5
12/02/2019 02:25:34,12/02/2019,SP1,NO,NO,7
12/03/2019 13:40:45,12/03/2019,SP1,NO,NO,11
20/03/2019 06:40:26,20/03/2019,SP1,NO,NO,12
20/03/2019 08:10:38,20/03/2019,SP1,NO,NO,12
20/03/2019 08:31:01,20/03/2019,SP1,NO,NO,12
04/04/2019 10:40:23,04/04/2019,SP1,NO,NO,14
09/05/2019 13:41:21,09/05/2019,SP1,NO,NO,19
09/05/2019 14:31:17,09/05/2019,SP1,NO,NO,19
29/05/2019 06:07:45,29/05/2019,SP1,NO,NO,22
20/11/2018 12:53:25,20/11/2018,SP1,NO,NO,47
17/05/2019 11:25:15,17/05/2019,SP1,NO,NO,20
17/05/2019 11:25:20,17/05/2019,SP1,NO,NO,20
12/03/2019 21:34:17,12/03/2019,SP1,NO,NO,11
25/02/2019 11:47:31,25/02/2019,SP1,NO,NO,9
26/09/2018 12:24:18,26/09/2018,SP1,NO,NO,39
22/01/2019 07:01:01,22/01/2019,SP1,NO,NO,4
13/02/2019 07:42:10,13/02/2019,SP1,NO,NO,7
27/02/2019 11:57:01,27/02/2019,SP1,NO,NO,9
28/02/2019 12:21:44,28/02/2019,SP1,NO,NO,9
28/02/2019 12:28:33,28/02/2019,SP1,NO,NO,9
03/03/2019 09:38:40,03/03/2019,SP1,NO,NO,10
13/03/2019 07:43:03,13/03/2019,SP1,NO,NO,11
28/03/2019 13:08:12,28/03/2019,SP1,NO,NO,13
04/06/2019 10:50:36,04/06/2019,SP1,NO,NO,23
04/06/2019 10:53:54,04/06/2019,SP1,NO,NO,23
23/01/2019 10:02:07,23/01/2019,SP1,NO,NO,4
24/06/2019 18:53:05,24/06/2019,SP1,NO,NO,26
09/11/2018 11:40:23,09/11/2018,SP1,NO,NO,45
13/12/2018 14:02:11,13/12/2018,SP1,NO,NO,50
16/01/2019 12:00:32,16/01/2019,SP1,NO,NO,3
03/04/2019 14:40:45,03/04/2019,SP1,NO,NO,14
06/05/2019 16:16:25,06/05/2019,SP1,NO,NO,19
02/04/2019 06:09:36,02/04/2019,SP1,NO,NO,14
20/12/2018 07:59:12,20/12/2018,SP1,NO,NO,51
29/11/2018 10:14:40,29/11/2018,SP1,NO,NO,48
30/11/2018 14:37:47,30/11/2018,SP1,NO,NO,48
30/11/2018 15:54:05,30/11/2018,SP1,NO,NO,48
02/01/2019 12:40:44,02/01/2019,SP1,YES,NO,1
17/04/2019 15:23:23,17/04/2019,SP1,NO,NO,16
24/04/2019 15:13:27,24/04/2019,SP1,NO,NO,17
11/12/2018 07:01:57,11/12/2018,SP1,NO,NO,50
14/05/2019 09:04:18,14/05/2019,SP1,NO,NO,20
21/01/2019 12:46:23,21/01/2019,SP1,NO,NO,4
09/11/2018 10:35:30,09/11/2018,SP1,NO,NO,45
12/12/2018 08:05:25,12/12/2018,SP1,NO,NO,50
26/02/2019 10:38:29,26/02/2019,SP1,NO,NO,9
06/03/2019 15:50:40,06/03/2019,SP1,NO,NO,10
16/01/2019 16:18:30,16/01/2019,SP1,NO,NO,3
13/12/2018 14:26:35,13/12/2018,SP1,NO,NO,50
03/05/2019 11:50:37,03/05/2019,SP1,NO,NO,18
28/05/2019 07:16:17,28/05/2019,SP1,NO,NO,22
15/11/2018 11:12:59,15/11/2018,SP1,NO,NO,46
12/01/2019 17:40:56,12/01/2019,SP1,NO,NO,2
19/03/2019 18:25:46,19/03/2019,SP1,NO,NO,12
16/01/2019 02:49:16,16/01/2019,SP1,NO,NO,3
18/12/2018 15:06:16,18/12/2018,SP1,NO,NO,51
18/12/2018 16:11:31,18/12/2018,SP1,NO,NO,51
18/12/2018 16:14:30,18/12/2018,SP1,NO,NO,51
18/12/2018 16:19:59,18/12/2018,SP1,NO,NO,51
21/12/2018 17:16:37,21/12/2018,SP1,NO,NO,51
28/01/2019 12:29:18,28/01/2019,SP1,NO,NO,5
12/03/2019 11:37:54,12/03/2019,SP1,NO,NO,11
21/12/2018 08:22:38,21/12/2018,SP1,NO,NO,51
24/04/2019 16:08:38,24/04/2019,SP1,NO,NO,17
22/01/2019 10:31:51,22/01/2019,SP1,NO,NO,4
22/02/2019 11:58:25,22/02/2019,SP1,NO,NO,8
03/06/2019 12:53:08,03/06/2019,SP1,NO,NO,23
27/12/2018 07:42:57,27/12/2018,SP1,YES,NO,52
12/04/2019 15:12:07,12/04/2019,SP1,NO,NO,15
09/08/2018 05:45:25,09/08/2018,SP1,NO,NO,32
10/04/2019 11:19:29,10/04/2019,SP1,NO,NO,15
21/12/2018 08:03:12,21/12/2018,SP1,NO,NO,51
27/02/2019 06:54:23,27/02/2019,SP1,NO,NO,9
02/04/2019 11:54:48,02/04/2019,SP1,NO,NO,14
14/05/2019 03:29:53,14/05/2019,SP1,NO,NO,20
18/12/2018 16:37:34,18/12/2018,SP1,NO,NO,51
30/10/2018 13:18:44,30/10/2018,SP1,NO,NO,44
27/02/2019 08:18:39,27/02/2019,SP1,NO,NO,9
21/12/2018 14:51:58,21/12/2018,SP1,NO,NO,51
18/03/2019 06:43:44,18/03/2019,SP1,NO,NO,12
18/12/2018 14:53:30,18/12/2018,SP1,NO,NO,51
18/12/2018 14:59:25,18/12/2018,SP1,NO,NO,51
18/12/2018 15:03:00,18/12/2018,SP1,NO,NO,51
18/12/2018 15:09:56,18/12/2018,SP1,NO,NO,51
18/12/2018 16:16:39,18/12/2018,SP1,NO,NO,51
18/12/2018 16:21:30,18/12/2018,SP1,NO,NO,51
18/12/2018 16:24:15,18/12/2018,SP1,NO,NO,51
18/12/2018 16:28:53,18/12/2018,SP1,NO,NO,51
17/01/2019 07:03:48,17/01/2019,SP1,NO,NO,3
01/02/2019 03:14:42,01/02/2019,SP1,NO,NO,5
14/05/2019 03:33:23,14/05/2019,SP1,NO,NO,20
17/10/2018 12:10:20,17/10/2018,SP1,NO,NO,42
20/02/2019 18:04:46,20/02/2019,SP1,NO,NO,8
15/03/2019 14:35:08,15/03/2019,SP1,NO,NO,11
09/08/2018 18:32:05,09/08/2018,SP1,NO,NO,32
09/08/2018 18:34:50,09/08/2018,SP1,NO,NO,32
09/08/2018 18:40:00,09/08/2018,SP1,NO,NO,32
09/08/2018 20:33:49,09/08/2018,SP1,NO,NO,32
09/08/2018 20:40:19,09/08/2018,SP1,NO,NO,32
13/08/2018 18:13:50,13/08/2018,SP1,NO,NO,33
13/08/2018 18:23:47,13/08/2018,SP1,NO,NO,33
16/10/2018 08:54:24,16/10/2018,SP1,NO,NO,42
29/03/2019 10:58:45,29/03/2019,SP1,NO,NO,13
05/03/2019 17:07:23,05/03/2019,SP1,NO,NO,10
17/01/2019 10:12:31,17/01/2019,SP1,NO,NO,3
10/01/2019 22:21:35,10/01/2019,SP1,NO,NO,2
16/08/2018 16:43:59,16/08/2018,SP1,NO,NO,33
21/08/2018 19:07:50,21/08/2018,SP1,NO,NO,34
27/07/2018 11:52:58,27/07/2018,SP1,NO,NO,30
09/08/2018 18:37:16,09/08/2018,SP1,NO,NO,32
09/08/2018 20:42:40,09/08/2018,SP1,NO,NO,32
09/08/2018 20:45:16,09/08/2018,SP1,NO,NO,32
13/08/2018 22:42:38,13/08/2018,SP1,NO,NO,33
15/08/2018 16:36:23,15/08/2018,SP1,NO,NO,33
15/08/2018 16:42:31,15/08/2018,SP1,NO,NO,33
15/08/2018 16:46:47,15/08/2018,SP1,NO,NO,33
15/08/2018 17:03:03,15/08/2018,SP1,NO,NO,33
21/08/2018 17:06:06,21/08/2018,SP1,NO,NO,34
21/08/2018 18:50:27,21/08/2018,SP1,NO,NO,34
12/11/2018 11:52:42,12/11/2018,SP1,NO,NO,46
13/11/2018 14:50:02,13/11/2018,SP1,NO,NO,46
10/04/2019 06:30:33,10/04/2019,SP1,NO,NO,15
26/06/2019 21:31:16,26/06/2019,SP1,NO,NO,26
26/10/2018 11:30:41,26/10/2018,SP1,NO,NO,43
25/10/2018 13:00:33,25/10/2018,SP1,NO,NO,43
15/01/2019 14:48:41,15/01/2019,SP1,NO,NO,3
13/12/2018 14:08:25,13/12/2018,SP1,NO,NO,50
31/01/2019 14:12:42,31/01/2019,SP1,NO,NO,5
05/03/2019 20:22:49,05/03/2019,SP1,NO,NO,10
05/03/2019 20:24:01,05/03/2019,SP1,NO,NO,10
05/03/2019 20:26:49,05/03/2019,SP1,NO,NO,10
05/03/2019 20:26:54,05/03/2019,SP1,NO,NO,10
05/03/2019 20:26:58,05/03/2019,SP1,NO,NO,10
05/03/2019 20:27:03,05/03/2019,SP1,NO,NO,10
05/03/2019 20:27:07,05/03/2019,SP1,NO,NO,10
05/03/2019 20:27:12,05/03/2019,SP1,NO,NO,10
05/03/2019 20:27:17,05/03/2019,SP1,NO,NO,10
05/03/2019 20:27:26,05/03/2019,SP1,NO,NO,10
05/03/2019 20:27:30,05/03/2019,SP1,NO,NO,10
05/03/2019 20:27:35,05/03/2019,SP1,NO,NO,10
05/03/2019 20:27:40,05/03/2019,SP1,NO,NO,10
05/03/2019 20:27:44,05/03/2019,SP1,NO,NO,10
05/03/2019 20:27:49,05/03/2019,SP1,NO,NO,10
05/03/2019 20:27:54,05/03/2019,SP1,NO,NO,10
05/03/2019 20:27:58,05/03/2019,SP1,NO,NO,10
05/03/2019 20:28:03,05/03/2019,SP1,NO,NO,10
05/03/2019 20:28:07,05/03/2019,SP1,NO,NO,10
05/03/2019 20:28:12,05/03/2019,SP1,NO,NO,10
05/03/2019 20:28:16,05/03/2019,SP1,NO,NO,10
05/03/2019 20:28:21,05/03/2019,SP1,NO,NO,10
05/03/2019 20:28:25,05/03/2019,SP1,NO,NO,10
05/03/2019 20:28:30,05/03/2019,SP1,NO,NO,10
05/03/2019 20:28:35,05/03/2019,SP1,NO,NO,10
05/03/2019 20:28:39,05/03/2019,SP1,NO,NO,10
05/03/2019 20:28:44,05/03/2019,SP1,NO,NO,10
05/03/2019 20:28:49,05/03/2019,SP1,NO,NO,10
05/03/2019 20:28:53,05/03/2019,SP1,NO,NO,10
05/03/2019 20:57:02,05/03/2019,SP1,NO,NO,10
05/03/2019 22:14:21,05/03/2019,SP1,NO,NO,10
02/04/2019 16:02:46,02/04/2019,SP1,NO,NO,14
25/02/2019 10:17:35,25/02/2019,SP1,NO,NO,9
09/08/2018 04:48:36,09/08/2018,SP1,NO,NO,32
09/08/2018 17:54:02,09/08/2018,SP1,NO,NO,32
09/08/2018 18:23:08,09/08/2018,SP1,NO,NO,32
21/08/2018 17:12:18,21/08/2018,SP1,NO,NO,34
21/08/2018 17:20:41,21/08/2018,SP1,NO,NO,34
21/08/2018 17:36:23,21/08/2018,SP1,NO,NO,34
21/08/2018 17:41:30,21/08/2018,SP1,NO,NO,34
21/08/2018 17:47:13,21/08/2018,SP1,NO,NO,34
03/09/2018 06:34:43,03/09/2018,SP1,NO,NO,36
10/05/2019 16:07:39,10/05/2019,SP1,NO,NO,19
30/01/2019 10:05:34,30/01/2019,SP1,NO,NO,5
27/03/2019 11:12:18,27/03/2019,SP1,NO,NO,13
18/06/2019 00:36:23,18/06/2019,SP1,NO,NO,25
09/08/2018 04:08:11,09/08/2018,SP1,NO,NO,32
09/08/2018 04:31:06,09/08/2018,SP1,NO,NO,32
09/08/2018 04:53:04,09/08/2018,SP1,NO,NO,32
09/08/2018 18:02:28,09/08/2018,SP1,NO,NO,32
09/08/2018 20:37:47,09/08/2018,SP1,NO,NO,32
09/08/2018 20:47:58,09/08/2018,SP1,NO,NO,32
13/08/2018 22:37:00,13/08/2018,SP1,NO,NO,33
24/01/2019 05:52:00,24/01/2019,SP1,NO,NO,4
25/02/2019 08:19:48,25/02/2019,SP1,NO,NO,9
22/01/2019 14:35:19,22/01/2019,SP1,NO,NO,4
25/02/2019 11:03:44,25/02/2019,SP1,NO,NO,9
25/02/2019 11:04:03,25/02/2019,SP1,NO,NO,9
18/06/2019 08:16:46,18/06/2019,SP1,NO,NO,25
09/10/2018 06:24:34,09/10/2018,SP1,NO,NO,41
09/10/2018 06:30:35,09/10/2018,SP1,NO,NO,41
12/12/2018 23:11:41,12/12/2018,SP1,NO,NO,50
19/03/2019 15:35:14,19/03/2019,SP1,NO,NO,12
05/06/2019 15:52:01,05/06/2019,SP1,NO,NO,23
25/03/2019 11:03:21,25/03/2019,SP1,NO,NO,13
16/01/2019 13:03:02,16/01/2019,SP1,NO,NO,3
15/02/2019 10:18:39,15/02/2019,SP1,NO,NO,7
12/03/2019 13:51:29,12/03/2019,SP1,NO,NO,11
25/04/2019 12:10:46,25/04/2019,SP1,NO,NO,17
07/08/2018 06:03:00,07/08/2018,SP1,NO,NO,32
13/08/2018 23:13:46,13/08/2018,SP1,NO,NO,33
15/11/2018 12:39:26,15/11/2018,SP1,NO,NO,46
01/02/2019 13:38:16,01/02/2019,SP1,NO,NO,5
12/04/2019 18:22:47,12/04/2019,SP1,NO,NO,15
26/10/2018 10:20:47,26/10/2018,SP1,NO,NO,43
26/10/2018 10:30:50,26/10/2018,SP1,NO,NO,43
26/10/2018 12:20:49,26/10/2018,SP1,NO,NO,43
08/01/2019 12:50:16,08/01/2019,SP1,NO,NO,2
24/01/2019 10:24:04,24/01/2019,SP1,NO,NO,4
26/02/2019 11:10:38,26/02/2019,SP1,NO,NO,9
26/03/2019 13:09:23,26/03/2019,SP1,NO,NO,13
22/10/2018 14:23:09,22/10/2018,SP1,NO,NO,43
07/08/2018 05:29:03,07/08/2018,SP1,NO,NO,32
07/08/2018 05:43:48,07/08/2018,SP1,NO,NO,32
07/08/2018 05:49:36,07/08/2018,SP1,NO,NO,32
07/08/2018 05:54:54,07/08/2018,SP1,NO,NO,32
07/08/2018 05:59:12,07/08/2018,SP1,NO,NO,32
07/08/2018 06:08:14,07/08/2018,SP1,NO,NO,32
07/08/2018 07:24:37,07/08/2018,SP1,NO,NO,32
09/08/2018 03:29:16,09/08/2018,SP1,NO,NO,32
09/08/2018 04:13:04,09/08/2018,SP1,NO,NO,32
09/08/2018 04:16:55,09/08/2018,SP1,NO,NO,32
09/08/2018 04:40:59,09/08/2018,SP1,NO,NO,32
09/08/2018 05:07:35,09/08/2018,SP1,NO,NO,32
09/08/2018 05:11:10,09/08/2018,SP1,NO,NO,32
09/08/2018 05:49:56,09/08/2018,SP1,NO,NO,32
09/08/2018 05:53:48,09/08/2018,SP1,NO,NO,32
09/08/2018 11:37:44,09/08/2018,SP1,NO,NO,32
09/08/2018 16:07:22,09/08/2018,SP1,NO,NO,32
09/08/2018 17:57:02,09/08/2018,SP1,NO,NO,32
09/08/2018 17:59:39,09/08/2018,SP1,NO,NO,32
09/08/2018 18:26:02,09/08/2018,SP1,NO,NO,32
09/08/2018 18:29:24,09/08/2018,SP1,NO,NO,32
09/08/2018 20:48:16,09/08/2018,SP1,NO,NO,32
13/08/2018 22:49:17,13/08/2018,SP1,NO,NO,33
13/08/2018 22:56:15,13/08/2018,SP1,NO,NO,33
16/08/2018 13:19:15,16/08/2018,SP1,NO,NO,33
21/08/2018 17:57:21,21/08/2018,SP1,NO,NO,34
21/08/2018 19:02:51,21/08/2018,SP1,NO,NO,34
16/10/2018 09:30:18,16/10/2018,SP1,NO,NO,42
18/10/2018 12:50:19,18/10/2018,SP1,NO,NO,42
26/10/2018 05:14:22,26/10/2018,SP1,NO,NO,43
30/10/2018 15:21:50,30/10/2018,SP1,NO,NO,44
05/11/2018 12:35:33,05/11/2018,SP1,NO,NO,45
05/11/2018 12:52:59,05/11/2018,SP1,NO,NO,45
21/11/2018 10:50:58,21/11/2018,SP1,NO,NO,47
27/11/2018 15:17:53,27/11/2018,SP1,NO,NO,48
06/12/2018 15:12:59,06/12/2018,SP1,NO,NO,49
06/12/2018 15:19:13,06/12/2018,SP1,NO,NO,49
06/12/2018 15:24:56,06/12/2018,SP1,NO,NO,49
11/12/2018 12:24:43,11/12/2018,SP1,NO,NO,50
12/12/2018 13:31:01,12/12/2018,SP1,NO,NO,50
13/12/2018 14:13:23,13/12/2018,SP1,NO,NO,50
28/02/2019 12:22:01,28/02/2019,SP1,NO,NO,9
19/03/2019 15:11:14,19/03/2019,SP1,NO,NO,12
06/06/2019 09:29:15,06/06/2019,SP1,NO,NO,23
09/08/2018 05:41:35,09/08/2018,SP1,NO,NO,32
12/10/2018 14:27:26,12/10/2018,SP1,NO,NO,41
29/01/2019 15:34:48,29/01/2019,SP1,NO,NO,5
21/03/2019 22:10:45,21/03/2019,SP1,NO,NO,12
04/04/2019 07:30:57,04/04/2019,SP1,NO,NO,14
15/08/2018 16:55:21,15/08/2018,SP1,NO,NO,33
17/01/2019 10:46:37,17/01/2019,SP1,NO,NO,3
27/02/2019 08:12:08,27/02/2019,SP1,NO,NO,9
14/05/2019 08:20:38,14/05/2019,SP1,NO,NO,20
13/11/2018 15:46:34,13/11/2018,SP1,NO,NO,46
27/11/2018 12:12:46,27/11/2018,SP1,NO,NO,48
03/01/2019 16:12:35,03/01/2019,SP1,YES,NO,1
03/01/2019 16:12:43,03/01/2019,SP1,YES,NO,1
03/01/2019 16:12:51,03/01/2019,SP1,YES,NO,1
03/01/2019 16:12:58,03/01/2019,SP1,YES,NO,1
28/01/2019 11:15:22,28/01/2019,SP1,NO,NO,5
02/11/2018 09:34:47,02/11/2018,SP1,NO,NO,44
04/03/2019 05:52:29,04/03/2019,SP1,NO,NO,10
12/11/2018 16:38:20,12/11/2018,SP1,NO,NO,46
01/03/2019 14:34:29,01/03/2019,SP1,NO,NO,9
26/10/2018 11:20:33,26/10/2018,SP1,NO,NO,43
08/03/2019 16:30:47,08/03/2019,SP1,NO,NO,10
22/02/2019 11:13:14,22/02/2019,SP1,NO,NO,8
22/02/2019 11:44:08,22/02/2019,SP1,NO,NO,8
22/02/2019 11:53:56,22/02/2019,SP1,NO,NO,8
22/03/2019 11:16:53,22/03/2019,SP1,NO,NO,12
27/02/2019 08:55:21,27/02/2019,SP1,NO,NO,9
18/03/2019 12:10:39,18/03/2019,SP1,NO,NO,12
20/02/2019 10:43:58,20/02/2019,SP1,NO,NO,8
07/03/2019 22:19:21,07/03/2019,SP1,NO,NO,10
08/03/2019 00:20:42,08/03/2019,SP1,NO,NO,10
16/11/2018 12:10:50,16/11/2018,SP1,NO,NO,46
07/01/2019 11:38:13,07/01/2019,SP1,NO,NO,2
16/01/2019 16:07:15,16/01/2019,SP1,NO,NO,3
29/01/2019 16:19:25,29/01/2019,SP1,NO,NO,5
09/01/2019 11:15:18,09/01/2019,SP1,NO,NO,2
07/01/2019 11:31:08,07/01/2019,SP1,NO,NO,2
26/03/2019 12:55:44,26/03/2019,SP1,NO,NO,13
05/02/2019 17:00:57,05/02/2019,SP1,NO,YES,6
17/05/2019 09:21:45,17/05/2019,SP1,NO,NO,20
29/10/2018 08:43:31,29/10/2018,SP1,NO,NO,44
13/02/2019 08:23:41,13/02/2019,SP1,NO,NO,7
25/03/2019 08:52:29,25/03/2019,SP1,NO,NO,13
03/04/2019 11:50:11,03/04/2019,SP1,NO,NO,14
03/04/2019 11:50:59,03/04/2019,SP1,NO,NO,14
03/04/2019 11:53:12,03/04/2019,SP1,NO,NO,14
03/04/2019 11:56:22,03/04/2019,SP1,NO,NO,14
03/04/2019 11:58:46,03/04/2019,SP1,NO,NO,14
03/04/2019 12:02:12,03/04/2019,SP1,NO,NO,14
14/11/2018 13:49:49,14/11/2018,SP1,NO,NO,46
21/01/2019 12:25:20,21/01/2019,SP1,NO,NO,4
21/01/2019 12:48:00,21/01/2019,SP1,NO,NO,4
28/01/2019 09:40:22,28/01/2019,SP1,NO,NO,5
28/01/2019 09:40:32,28/01/2019,SP1,NO,NO,5
05/02/2019 13:31:28,05/02/2019,SP1,NO,YES,6
12/03/2019 13:10:35,12/03/2019,SP1,NO,NO,11
08/04/2019 11:43:55,08/04/2019,SP1,NO,NO,15
19/09/2018 10:05:42,19/09/2018,SP1,NO,NO,38
20/09/2018 10:08:00,20/09/2018,SP1,NO,NO,38
26/10/2018 10:10:42,26/10/2018,SP1,NO,NO,43
15/11/2018 09:13:11,15/11/2018,SP1,NO,NO,46
17/12/2018 09:29:55,17/12/2018,SP1,NO,NO,51
14/03/2019 07:33:29,14/03/2019,SP1,NO,NO,11
05/04/2019 08:40:19,05/04/2019,SP1,NO,NO,14
10/04/2019 04:34:30,10/04/2019,SP1,NO,NO,15
16/04/2019 02:49:41,16/04/2019,SP1,NO,NO,16
14/06/2019 20:43:11,14/06/2019,SP1,NO,NO,24
25/03/2019 15:32:20,25/03/2019,SP1,NO,NO,13
12/06/2019 12:34:00,12/06/2019,SP1,NO,NO,24
19/06/2019 09:29:27,19/06/2019,SP1,NO,NO,25
19/02/2019 09:25:53,19/02/2019,SP1,NO,NO,8
20/06/2019 12:31:00,20/06/2019,SP1,NO,NO,25
26/10/2018 10:10:59,26/10/2018,SP1,NO,NO,43
26/10/2018 11:30:50,26/10/2018,SP1,NO,NO,43
26/10/2018 11:31:10,26/10/2018,SP1,NO,NO,43
26/10/2018 12:11:22,26/10/2018,SP1,NO,NO,43
09/11/2018 11:10:30,09/11/2018,SP1,NO,NO,45
09/11/2018 13:10:39,09/11/2018,SP1,NO,NO,45
14/03/2019 08:02:50,14/03/2019,SP1,NO,NO,11
19/06/2019 13:49:01,19/06/2019,SP1,NO,NO,25
21/02/2019 06:13:46,21/02/2019,SP1,NO,NO,8
15/03/2019 03:04:26,15/03/2019,SP1,NO,NO,11
11/03/2019 14:36:03,11/03/2019,SP1,NO,NO,11
15/11/2018 15:39:55,15/11/2018,SP1,NO,NO,46